CREATE DATABASE  IF NOT EXISTS `dbmain` /*!40100 DEFAULT CHARACTER SET utf8mb3 */ /*!80016 DEFAULT ENCRYPTION='N' */;
USE `dbmain`;
-- MySQL dump 10.13  Distrib 8.0.34, for Win64 (x86_64)
--
-- Host: 127.0.0.1    Database: dbmain
-- ------------------------------------------------------
-- Server version	8.1.0

/*!40101 SET @OLD_CHARACTER_SET_CLIENT=@@CHARACTER_SET_CLIENT */;
/*!40101 SET @OLD_CHARACTER_SET_RESULTS=@@CHARACTER_SET_RESULTS */;
/*!40101 SET @OLD_COLLATION_CONNECTION=@@COLLATION_CONNECTION */;
/*!50503 SET NAMES utf8 */;
/*!40103 SET @OLD_TIME_ZONE=@@TIME_ZONE */;
/*!40103 SET TIME_ZONE='+00:00' */;
/*!40014 SET @OLD_UNIQUE_CHECKS=@@UNIQUE_CHECKS, UNIQUE_CHECKS=0 */;
/*!40014 SET @OLD_FOREIGN_KEY_CHECKS=@@FOREIGN_KEY_CHECKS, FOREIGN_KEY_CHECKS=0 */;
/*!40101 SET @OLD_SQL_MODE=@@SQL_MODE, SQL_MODE='NO_AUTO_VALUE_ON_ZERO' */;
/*!40111 SET @OLD_SQL_NOTES=@@SQL_NOTES, SQL_NOTES=0 */;

--
-- Table structure for table `credencial`
--

DROP TABLE IF EXISTS `credencial`;
/*!40101 SET @saved_cs_client     = @@character_set_client */;
/*!50503 SET character_set_client = utf8mb4 */;
CREATE TABLE `credencial` (
  `idcredencial` int NOT NULL AUTO_INCREMENT,
  `nome` varchar(50) NOT NULL,
  PRIMARY KEY (`idcredencial`)
) ENGINE=InnoDB AUTO_INCREMENT=4 DEFAULT CHARSET=utf8mb3;
/*!40101 SET character_set_client = @saved_cs_client */;

--
-- Dumping data for table `credencial`
--

LOCK TABLES `credencial` WRITE;
/*!40000 ALTER TABLE `credencial` DISABLE KEYS */;
INSERT INTO `credencial` VALUES (1,'User'),(2,'Admin'),(3,'Super Admin');
/*!40000 ALTER TABLE `credencial` ENABLE KEYS */;
UNLOCK TABLES;

--
-- Table structure for table `equipe`
--

DROP TABLE IF EXISTS `equipe`;
/*!40101 SET @saved_cs_client     = @@character_set_client */;
/*!50503 SET character_set_client = utf8mb4 */;
CREATE TABLE `equipe` (
  `idequipe` int NOT NULL AUTO_INCREMENT,
  `nome` varchar(100) NOT NULL,
  `idstatus` int NOT NULL,
  PRIMARY KEY (`idequipe`),
  KEY `fk_equipe_equipestatus1_idx` (`idstatus`),
  CONSTRAINT `fk_equipe_equipestatus1` FOREIGN KEY (`idstatus`) REFERENCES `equipestatus` (`idequipestatus`)
) ENGINE=InnoDB AUTO_INCREMENT=9 DEFAULT CHARSET=utf8mb3;
/*!40101 SET character_set_client = @saved_cs_client */;

--
-- Dumping data for table `equipe`
--

LOCK TABLES `equipe` WRITE;
/*!40000 ALTER TABLE `equipe` DISABLE KEYS */;
INSERT INTO `equipe` VALUES (1,'testes',1),(4,'Teste crud 1',1),(5,'Teste crud 2',2),(7,'Teste crud 4',1),(8,'Teste equipe 1',1);
/*!40000 ALTER TABLE `equipe` ENABLE KEYS */;
UNLOCK TABLES;

--
-- Table structure for table `equipestatus`
--

DROP TABLE IF EXISTS `equipestatus`;
/*!40101 SET @saved_cs_client     = @@character_set_client */;
/*!50503 SET character_set_client = utf8mb4 */;
CREATE TABLE `equipestatus` (
  `idequipestatus` int NOT NULL AUTO_INCREMENT,
  `nome` varchar(45) NOT NULL,
  PRIMARY KEY (`idequipestatus`)
) ENGINE=InnoDB AUTO_INCREMENT=3 DEFAULT CHARSET=utf8mb3;
/*!40101 SET character_set_client = @saved_cs_client */;

--
-- Dumping data for table `equipestatus`
--

LOCK TABLES `equipestatus` WRITE;
/*!40000 ALTER TABLE `equipestatus` DISABLE KEYS */;
INSERT INTO `equipestatus` VALUES (1,'Ativo'),(2,'Inativo');
/*!40000 ALTER TABLE `equipestatus` ENABLE KEYS */;
UNLOCK TABLES;

--
-- Table structure for table `equipeuso`
--

DROP TABLE IF EXISTS `equipeuso`;
/*!40101 SET @saved_cs_client     = @@character_set_client */;
/*!50503 SET character_set_client = utf8mb4 */;
CREATE TABLE `equipeuso` (
  `idequipeuso` int NOT NULL AUTO_INCREMENT,
  `idcredencial` int NOT NULL,
  `idequipe` int NOT NULL,
  `idusuario` int NOT NULL,
  PRIMARY KEY (`idequipeuso`),
  KEY `fk_equipeuso_credencial1_idx` (`idcredencial`),
  KEY `fk_equipeuso_equipe1_idx` (`idequipe`),
  KEY `fk_equipeuso_usuario1_idx` (`idusuario`),
  CONSTRAINT `fk_equipeuso_credencial1` FOREIGN KEY (`idcredencial`) REFERENCES `credencial` (`idcredencial`),
  CONSTRAINT `fk_equipeuso_equipe1` FOREIGN KEY (`idequipe`) REFERENCES `equipe` (`idequipe`),
  CONSTRAINT `fk_equipeuso_usuario1` FOREIGN KEY (`idusuario`) REFERENCES `usuario` (`idusuario`)
) ENGINE=InnoDB AUTO_INCREMENT=17 DEFAULT CHARSET=utf8mb3;
/*!40101 SET character_set_client = @saved_cs_client */;

--
-- Dumping data for table `equipeuso`
--

LOCK TABLES `equipeuso` WRITE;
/*!40000 ALTER TABLE `equipeuso` DISABLE KEYS */;
INSERT INTO `equipeuso` VALUES (1,1,1,1),(6,2,4,6),(7,2,5,6),(10,1,4,7),(12,1,4,8),(13,2,7,6),(15,2,8,9),(16,1,8,7);
/*!40000 ALTER TABLE `equipeuso` ENABLE KEYS */;
UNLOCK TABLES;

--
-- Table structure for table `projeto`
--

DROP TABLE IF EXISTS `projeto`;
/*!40101 SET @saved_cs_client     = @@character_set_client */;
/*!50503 SET character_set_client = utf8mb4 */;
CREATE TABLE `projeto` (
  `idprojeto` int NOT NULL AUTO_INCREMENT,
  `nome` varchar(50) NOT NULL,
  `identificador` varchar(45) NOT NULL,
  `codigo` int NOT NULL,
  `idequipe` int NOT NULL,
  `idstatus` int NOT NULL,
  PRIMARY KEY (`idprojeto`),
  KEY `fk_projeto_equipe1_idx` (`idequipe`),
  KEY `fk_projeto_projetostatus1_idx` (`idstatus`),
  CONSTRAINT `fk_projeto_equipe1` FOREIGN KEY (`idequipe`) REFERENCES `equipe` (`idequipe`),
  CONSTRAINT `fk_projeto_projetostatus1` FOREIGN KEY (`idstatus`) REFERENCES `projetostatus` (`idprojetostatus`)
) ENGINE=InnoDB AUTO_INCREMENT=6 DEFAULT CHARSET=utf8mb3;
/*!40101 SET character_set_client = @saved_cs_client */;

--
-- Dumping data for table `projeto`
--

LOCK TABLES `projeto` WRITE;
/*!40000 ALTER TABLE `projeto` DISABLE KEYS */;
INSERT INTO `projeto` VALUES (1,'teste','AAABBBCCC',123456,1,1),(2,'teste p1','XKVIMUHBQW',321567,4,1),(3,'teste p2.1','EHIPDUMACV',123456,4,1),(4,'teste p3','IGNKJJXIMS',987612,7,2),(5,'pesquisa usos1','DSKHRETUKC',233444,8,1);
/*!40000 ALTER TABLE `projeto` ENABLE KEYS */;
UNLOCK TABLES;

--
-- Table structure for table `projetostatus`
--

DROP TABLE IF EXISTS `projetostatus`;
/*!40101 SET @saved_cs_client     = @@character_set_client */;
/*!50503 SET character_set_client = utf8mb4 */;
CREATE TABLE `projetostatus` (
  `idprojetostatus` int NOT NULL AUTO_INCREMENT,
  `nome` varchar(45) NOT NULL,
  PRIMARY KEY (`idprojetostatus`)
) ENGINE=InnoDB AUTO_INCREMENT=3 DEFAULT CHARSET=utf8mb3;
/*!40101 SET character_set_client = @saved_cs_client */;

--
-- Dumping data for table `projetostatus`
--

LOCK TABLES `projetostatus` WRITE;
/*!40000 ALTER TABLE `projetostatus` DISABLE KEYS */;
INSERT INTO `projetostatus` VALUES (1,'Ativo'),(2,'Inativo');
/*!40000 ALTER TABLE `projetostatus` ENABLE KEYS */;
UNLOCK TABLES;

--
-- Table structure for table `registronavegacao`
--

DROP TABLE IF EXISTS `registronavegacao`;
/*!40101 SET @saved_cs_client     = @@character_set_client */;
/*!50503 SET character_set_client = utf8mb4 */;
CREATE TABLE `registronavegacao` (
  `idregistronavegacao` int NOT NULL AUTO_INCREMENT,
  `acesso` bigint NOT NULL,
  `dominio` varchar(200) NOT NULL,
  `anonimo` int NOT NULL,
  `titulo` text NOT NULL,
  `url` text NOT NULL,
  `favicon` text,
  `width` int NOT NULL,
  `height` int NOT NULL,
  `useragent` text NOT NULL,
  `appversion` text NOT NULL,
  `contype` varchar(45) NOT NULL,
  `idusopesquisados` int NOT NULL,
  `idprojeto` int NOT NULL,
  PRIMARY KEY (`idregistronavegacao`),
  KEY `fk_registronavegacao_usopesquisados1_idx` (`idusopesquisados`),
  KEY `fk_registronavegacao_projeto1_idx` (`idprojeto`),
  CONSTRAINT `fk_registronavegacao_projeto1` FOREIGN KEY (`idprojeto`) REFERENCES `projeto` (`idprojeto`),
  CONSTRAINT `fk_registronavegacao_usopesquisados1` FOREIGN KEY (`idusopesquisados`) REFERENCES `usopesquisados` (`idusopesquisados`)
) ENGINE=InnoDB AUTO_INCREMENT=142 DEFAULT CHARSET=utf8mb3;
/*!40101 SET character_set_client = @saved_cs_client */;

--
-- Dumping data for table `registronavegacao`
--

LOCK TABLES `registronavegacao` WRITE;
/*!40000 ALTER TABLE `registronavegacao` DISABLE KEYS */;
INSERT INTO `registronavegacao` VALUES (1,1714866381009,'www.rogerebert.com',0,'The Princess Bride movie review (1987) | Roger Ebert','https://www.rogerebert.com/reviews/the-princess-bride-1987','',1707,898,'Mozilla/5.0 (Windows NT 10.0; Win64; x64) AppleWebKit/537.36 (KHTML, like Gecko) Chrome/124.0.0.0 Safari/537.36','5.0 (Windows NT 10.0; Win64; x64) AppleWebKit/537.36 (KHTML, like Gecko) Chrome/124.0.0.0 Safari/537.36','4g',10,5),(2,1714867236162,'www.rogerebert.com',0,'The Princess Bride movie review (1987) | Roger Ebert','https://www.rogerebert.com/reviews/the-princess-bride-1987','https://www.rogerebert.com/assets/fav/favicon-32x32-2d7cd969aa6531528c51bd0d67b7eb3fcb901d0f01e2161f929a0e38d44f99f6.png',1707,898,'Mozilla/5.0 (Windows NT 10.0; Win64; x64) AppleWebKit/537.36 (KHTML, like Gecko) Chrome/124.0.0.0 Safari/537.36','5.0 (Windows NT 10.0; Win64; x64) AppleWebKit/537.36 (KHTML, like Gecko) Chrome/124.0.0.0 Safari/537.36','4g',10,5),(3,1714867346847,'extensions',0,'Extensões','chrome://extensions/','',1707,898,'Mozilla/5.0 (Windows NT 10.0; Win64; x64) AppleWebKit/537.36 (KHTML, like Gecko) Chrome/124.0.0.0 Safari/537.36','5.0 (Windows NT 10.0; Win64; x64) AppleWebKit/537.36 (KHTML, like Gecko) Chrome/124.0.0.0 Safari/537.36','4g',10,5),(4,1714867358619,'www.rogerebert.com',0,'The Princess Bride movie review (1987) | Roger Ebert','https://www.rogerebert.com/reviews/the-princess-bride-1987','https://www.rogerebert.com/assets/fav/favicon-32x32-2d7cd969aa6531528c51bd0d67b7eb3fcb901d0f01e2161f929a0e38d44f99f6.png',1707,898,'Mozilla/5.0 (Windows NT 10.0; Win64; x64) AppleWebKit/537.36 (KHTML, like Gecko) Chrome/124.0.0.0 Safari/537.36','5.0 (Windows NT 10.0; Win64; x64) AppleWebKit/537.36 (KHTML, like Gecko) Chrome/124.0.0.0 Safari/537.36','4g',10,5),(5,1714867544733,'dev.mysql.com',0,'dev.mysql.com/doc/refman/8.0/en/replace.html#:~:text=REPLACE works exactly like INSERT,extension to the SQL standard.','https://dev.mysql.com/doc/refman/8.0/en/replace.html#:~:text=REPLACE%20works%20exactly%20like%20INSERT,extension%20to%20the%20SQL%20standard.','',1707,898,'Mozilla/5.0 (Windows NT 10.0; Win64; x64) AppleWebKit/537.36 (KHTML, like Gecko) Chrome/124.0.0.0 Safari/537.36','5.0 (Windows NT 10.0; Win64; x64) AppleWebKit/537.36 (KHTML, like Gecko) Chrome/124.0.0.0 Safari/537.36','4g',10,5),(6,1714867591895,'www.w3schools.com',0,'w3schools.com/sql/func_mysql_replace.asp','https://www.w3schools.com/sql/func_mysql_replace.asp','',1707,898,'Mozilla/5.0 (Windows NT 10.0; Win64; x64) AppleWebKit/537.36 (KHTML, like Gecko) Chrome/124.0.0.0 Safari/537.36','5.0 (Windows NT 10.0; Win64; x64) AppleWebKit/537.36 (KHTML, like Gecko) Chrome/124.0.0.0 Safari/537.36','4g',10,5),(7,1714867682413,'stackoverflow.com',0,'sql - Insert into a MySQL table or update if exists - Stack Overflow','https://stackoverflow.com/questions/4205181/insert-into-a-mysql-table-or-update-if-exists','',1707,898,'Mozilla/5.0 (Windows NT 10.0; Win64; x64) AppleWebKit/537.36 (KHTML, like Gecko) Chrome/124.0.0.0 Safari/537.36','5.0 (Windows NT 10.0; Win64; x64) AppleWebKit/537.36 (KHTML, like Gecko) Chrome/124.0.0.0 Safari/537.36','4g',10,5),(8,1714867784119,'stackoverflow.com',0,'sql - Insert into a MySQL table or update if exists - Stack Overflow','https://stackoverflow.com/questions/4205181/insert-into-a-mysql-table-or-update-if-exists','https://cdn.sstatic.net/Sites/stackoverflow/Img/favicon.ico?v=ec617d715196',1707,898,'Mozilla/5.0 (Windows NT 10.0; Win64; x64) AppleWebKit/537.36 (KHTML, like Gecko) Chrome/124.0.0.0 Safari/537.36','5.0 (Windows NT 10.0; Win64; x64) AppleWebKit/537.36 (KHTML, like Gecko) Chrome/124.0.0.0 Safari/537.36','4g',10,5),(9,1714867788142,'pt.stackoverflow.com',0,'pt.stackoverflow.com/questions/299182/mysql-insert-ou-update-no-banco-de-dados','https://pt.stackoverflow.com/questions/299182/mysql-insert-ou-update-no-banco-de-dados','',1707,898,'Mozilla/5.0 (Windows NT 10.0; Win64; x64) AppleWebKit/537.36 (KHTML, like Gecko) Chrome/124.0.0.0 Safari/537.36','5.0 (Windows NT 10.0; Win64; x64) AppleWebKit/537.36 (KHTML, like Gecko) Chrome/124.0.0.0 Safari/537.36','4g',10,5),(10,1714867827645,'dev.mysql.com',0,'dev.mysql.com/doc/refman/8.0/en/insert-on-duplicate.html','https://dev.mysql.com/doc/refman/8.0/en/insert-on-duplicate.html','',1707,898,'Mozilla/5.0 (Windows NT 10.0; Win64; x64) AppleWebKit/537.36 (KHTML, like Gecko) Chrome/124.0.0.0 Safari/537.36','5.0 (Windows NT 10.0; Win64; x64) AppleWebKit/537.36 (KHTML, like Gecko) Chrome/124.0.0.0 Safari/537.36','4g',10,5),(11,1714867902262,'dev.mysql.com',0,'dev.mysql.com/doc/refman/8.0/en/create-index.html','https://dev.mysql.com/doc/refman/8.0/en/create-index.html','',1707,898,'Mozilla/5.0 (Windows NT 10.0; Win64; x64) AppleWebKit/537.36 (KHTML, like Gecko) Chrome/124.0.0.0 Safari/537.36','5.0 (Windows NT 10.0; Win64; x64) AppleWebKit/537.36 (KHTML, like Gecko) Chrome/124.0.0.0 Safari/537.36','4g',10,5),(12,1714868041220,'newtab',0,'Nova guia','chrome://newtab/','',1707,898,'Mozilla/5.0 (Windows NT 10.0; Win64; x64) AppleWebKit/537.36 (KHTML, like Gecko) Chrome/124.0.0.0 Safari/537.36','5.0 (Windows NT 10.0; Win64; x64) AppleWebKit/537.36 (KHTML, like Gecko) Chrome/124.0.0.0 Safari/537.36','4g',10,5),(13,1714868051764,'cursos.alura.com.br',0,'cursos.alura.com.br/forum/topico-error-code-1064-you-have-an-error-in-your-sql-syntax-207626','https://cursos.alura.com.br/forum/topico-error-code-1064-you-have-an-error-in-your-sql-syntax-207626','',1707,898,'Mozilla/5.0 (Windows NT 10.0; Win64; x64) AppleWebKit/537.36 (KHTML, like Gecko) Chrome/124.0.0.0 Safari/537.36','5.0 (Windows NT 10.0; Win64; x64) AppleWebKit/537.36 (KHTML, like Gecko) Chrome/124.0.0.0 Safari/537.36','4g',10,5),(14,1714868091798,'dev.mysql.com',0,'MySQL :: MySQL 8.0 Reference Manual :: 15.1.15 CREATE INDEX Statement','https://dev.mysql.com/doc/refman/8.0/en/create-index.html','https://labs.mysql.com/common/themes/sakila/favicon.ico',1707,898,'Mozilla/5.0 (Windows NT 10.0; Win64; x64) AppleWebKit/537.36 (KHTML, like Gecko) Chrome/124.0.0.0 Safari/537.36','5.0 (Windows NT 10.0; Win64; x64) AppleWebKit/537.36 (KHTML, like Gecko) Chrome/124.0.0.0 Safari/537.36','4g',10,5),(15,1714869196762,'cursos.alura.com.br',0,'Error code:1064. You have an error in your SQL syntax. | SQL com MySQL: manipule e consulte dados | Alura - Cursos online de tecnologia','https://cursos.alura.com.br/forum/topico-error-code-1064-you-have-an-error-in-your-sql-syntax-207626','https://cursos.alura.com.br/assets/images/alura/favicon.ico',1707,898,'Mozilla/5.0 (Windows NT 10.0; Win64; x64) AppleWebKit/537.36 (KHTML, like Gecko) Chrome/124.0.0.0 Safari/537.36','5.0 (Windows NT 10.0; Win64; x64) AppleWebKit/537.36 (KHTML, like Gecko) Chrome/124.0.0.0 Safari/537.36','4g',10,5),(16,1714869197025,'pt.stackoverflow.com',0,'sql - (MySql) Insert ou Update no banco de dados - Stack Overflow em Português','https://pt.stackoverflow.com/questions/299182/mysql-insert-ou-update-no-banco-de-dados','https://cdn.sstatic.net/Sites/br/Img/favicon.ico?v=20661a71f17b',1707,898,'Mozilla/5.0 (Windows NT 10.0; Win64; x64) AppleWebKit/537.36 (KHTML, like Gecko) Chrome/124.0.0.0 Safari/537.36','5.0 (Windows NT 10.0; Win64; x64) AppleWebKit/537.36 (KHTML, like Gecko) Chrome/124.0.0.0 Safari/537.36','4g',10,5),(17,1714869197906,'extensions',0,'Extensões','chrome://extensions/','',1707,898,'Mozilla/5.0 (Windows NT 10.0; Win64; x64) AppleWebKit/537.36 (KHTML, like Gecko) Chrome/124.0.0.0 Safari/537.36','5.0 (Windows NT 10.0; Win64; x64) AppleWebKit/537.36 (KHTML, like Gecko) Chrome/124.0.0.0 Safari/537.36','4g',10,5),(18,1714869198214,'pt.stackoverflow.com',0,'sql - (MySql) Insert ou Update no banco de dados - Stack Overflow em Português','https://pt.stackoverflow.com/questions/299182/mysql-insert-ou-update-no-banco-de-dados','https://cdn.sstatic.net/Sites/br/Img/favicon.ico?v=20661a71f17b',1707,898,'Mozilla/5.0 (Windows NT 10.0; Win64; x64) AppleWebKit/537.36 (KHTML, like Gecko) Chrome/124.0.0.0 Safari/537.36','5.0 (Windows NT 10.0; Win64; x64) AppleWebKit/537.36 (KHTML, like Gecko) Chrome/124.0.0.0 Safari/537.36','4g',10,5),(19,1714869198634,'www.rogerebert.com',0,'The Princess Bride movie review (1987) | Roger Ebert','https://www.rogerebert.com/reviews/the-princess-bride-1987','https://www.rogerebert.com/assets/fav/favicon-32x32-2d7cd969aa6531528c51bd0d67b7eb3fcb901d0f01e2161f929a0e38d44f99f6.png',1707,898,'Mozilla/5.0 (Windows NT 10.0; Win64; x64) AppleWebKit/537.36 (KHTML, like Gecko) Chrome/124.0.0.0 Safari/537.36','5.0 (Windows NT 10.0; Win64; x64) AppleWebKit/537.36 (KHTML, like Gecko) Chrome/124.0.0.0 Safari/537.36','4g',10,5),(20,1714869200578,'www.netflix.com',0,'Início – Netflix','https://www.netflix.com/browse','https://assets.nflxext.com/ffe/siteui/common/icons/nficon2016.ico',1707,898,'Mozilla/5.0 (Windows NT 10.0; Win64; x64) AppleWebKit/537.36 (KHTML, like Gecko) Chrome/124.0.0.0 Safari/537.36','5.0 (Windows NT 10.0; Win64; x64) AppleWebKit/537.36 (KHTML, like Gecko) Chrome/124.0.0.0 Safari/537.36','4g',10,5),(21,1714869201453,'www.rogerebert.com',0,'The Princess Bride movie review (1987) | Roger Ebert','https://www.rogerebert.com/reviews/the-princess-bride-1987','https://www.rogerebert.com/assets/fav/favicon-32x32-2d7cd969aa6531528c51bd0d67b7eb3fcb901d0f01e2161f929a0e38d44f99f6.png',1707,898,'Mozilla/5.0 (Windows NT 10.0; Win64; x64) AppleWebKit/537.36 (KHTML, like Gecko) Chrome/124.0.0.0 Safari/537.36','5.0 (Windows NT 10.0; Win64; x64) AppleWebKit/537.36 (KHTML, like Gecko) Chrome/124.0.0.0 Safari/537.36','4g',10,5),(22,1714869209160,'www.rogerebert.com',0,'The Princess Bride movie review (1987) | Roger Ebert','https://www.rogerebert.com/reviews/the-princess-bride-1987','https://www.rogerebert.com/assets/fav/favicon-32x32-2d7cd969aa6531528c51bd0d67b7eb3fcb901d0f01e2161f929a0e38d44f99f6.png',1707,898,'Mozilla/5.0 (Windows NT 10.0; Win64; x64) AppleWebKit/537.36 (KHTML, like Gecko) Chrome/124.0.0.0 Safari/537.36','5.0 (Windows NT 10.0; Win64; x64) AppleWebKit/537.36 (KHTML, like Gecko) Chrome/124.0.0.0 Safari/537.36','4g',10,5),(23,1714869209477,'www.rogerebert.com',0,'Legend movie review & film summary (1986) | Roger Ebert','https://www.rogerebert.com/reviews/legend-1986','',1707,898,'Mozilla/5.0 (Windows NT 10.0; Win64; x64) AppleWebKit/537.36 (KHTML, like Gecko) Chrome/124.0.0.0 Safari/537.36','5.0 (Windows NT 10.0; Win64; x64) AppleWebKit/537.36 (KHTML, like Gecko) Chrome/124.0.0.0 Safari/537.36','4g',10,5),(24,1714869216679,'www.rogerebert.com',0,'The Princess Bride movie review (1987) | Roger Ebert','https://www.rogerebert.com/reviews/the-princess-bride-1987','https://www.rogerebert.com/assets/fav/favicon-32x32-2d7cd969aa6531528c51bd0d67b7eb3fcb901d0f01e2161f929a0e38d44f99f6.png',1707,898,'Mozilla/5.0 (Windows NT 10.0; Win64; x64) AppleWebKit/537.36 (KHTML, like Gecko) Chrome/124.0.0.0 Safari/537.36','5.0 (Windows NT 10.0; Win64; x64) AppleWebKit/537.36 (KHTML, like Gecko) Chrome/124.0.0.0 Safari/537.36','4g',10,5),(25,1714869226589,'www.netflix.com',0,'Netflix','https://www.netflix.com/browse','https://assets.nflxext.com/ffe/siteui/common/icons/nficon2016.ico',1707,898,'Mozilla/5.0 (Windows NT 10.0; Win64; x64) AppleWebKit/537.36 (KHTML, like Gecko) Chrome/124.0.0.0 Safari/537.36','5.0 (Windows NT 10.0; Win64; x64) AppleWebKit/537.36 (KHTML, like Gecko) Chrome/124.0.0.0 Safari/537.36','4g',10,5),(26,1714869265122,'www.youtube.com',0,'(9) Dominion (2018) - full documentary [Official] - YouTube','https://www.youtube.com/watch?v=LQRAfJyEsko&list=WL','https://www.youtube.com/s/desktop/7c0eb0c2/img/favicon_32x32.png',1707,898,'Mozilla/5.0 (Windows NT 10.0; Win64; x64) AppleWebKit/537.36 (KHTML, like Gecko) Chrome/124.0.0.0 Safari/537.36','5.0 (Windows NT 10.0; Win64; x64) AppleWebKit/537.36 (KHTML, like Gecko) Chrome/124.0.0.0 Safari/537.36','4g',10,5),(27,1714869373211,'www.netflix.com',0,'Netflix','https://www.netflix.com/watch/80195963?trackId=13212365&tctx=2%2C1%2Cf03d9c47-72e6-49bc-a7f0-50b92448aa32-288754518%2CNES_9E45298DF3D659366F1F29B3E785DC-B6A9E59C97206E-904515EFF2_p_1714866245116%2C%2C%2C%2C%2C80084089%2CVideo%3A80195963%2CdetailsPageCollection','https://assets.nflxext.com/ffe/siteui/common/icons/nficon2016.ico',1707,898,'Mozilla/5.0 (Windows NT 10.0; Win64; x64) AppleWebKit/537.36 (KHTML, like Gecko) Chrome/124.0.0.0 Safari/537.36','5.0 (Windows NT 10.0; Win64; x64) AppleWebKit/537.36 (KHTML, like Gecko) Chrome/124.0.0.0 Safari/537.36','4g',10,5),(28,1714869373672,'www.youtube.com',0,'(9) Dominion (2018) - full documentary [Official] - YouTube','https://www.youtube.com/watch?v=LQRAfJyEsko&list=WL','https://www.youtube.com/s/desktop/7c0eb0c2/img/favicon_32x32.png',1707,898,'Mozilla/5.0 (Windows NT 10.0; Win64; x64) AppleWebKit/537.36 (KHTML, like Gecko) Chrome/124.0.0.0 Safari/537.36','5.0 (Windows NT 10.0; Win64; x64) AppleWebKit/537.36 (KHTML, like Gecko) Chrome/124.0.0.0 Safari/537.36','4g',10,5),(29,1714869375340,'newtab',0,'Nova guia','chrome://newtab/','',1707,898,'Mozilla/5.0 (Windows NT 10.0; Win64; x64) AppleWebKit/537.36 (KHTML, like Gecko) Chrome/124.0.0.0 Safari/537.36','5.0 (Windows NT 10.0; Win64; x64) AppleWebKit/537.36 (KHTML, like Gecko) Chrome/124.0.0.0 Safari/537.36','4g',10,5),(30,1714869377750,'www.amazon.com.br',0,'amazon.com.br','https://www.amazon.com.br/','https://www.amazon.com.br/favicon.ico',1707,898,'Mozilla/5.0 (Windows NT 10.0; Win64; x64) AppleWebKit/537.36 (KHTML, like Gecko) Chrome/124.0.0.0 Safari/537.36','5.0 (Windows NT 10.0; Win64; x64) AppleWebKit/537.36 (KHTML, like Gecko) Chrome/124.0.0.0 Safari/537.36','4g',10,5),(31,1714869378455,'www.youtube.com',0,'(9) Dominion (2018) - full documentary [Official] - YouTube','https://www.youtube.com/watch?v=LQRAfJyEsko&list=WL','https://www.youtube.com/s/desktop/7c0eb0c2/img/favicon_32x32.png',1707,898,'Mozilla/5.0 (Windows NT 10.0; Win64; x64) AppleWebKit/537.36 (KHTML, like Gecko) Chrome/124.0.0.0 Safari/537.36','5.0 (Windows NT 10.0; Win64; x64) AppleWebKit/537.36 (KHTML, like Gecko) Chrome/124.0.0.0 Safari/537.36','4g',10,5),(32,1714869384920,'www.amazon.com.br',0,'Amazon.com.br | Tudo pra você, de A a Z.','https://www.amazon.com.br/','https://www.amazon.com.br/favicon.ico',1707,898,'Mozilla/5.0 (Windows NT 10.0; Win64; x64) AppleWebKit/537.36 (KHTML, like Gecko) Chrome/124.0.0.0 Safari/537.36','5.0 (Windows NT 10.0; Win64; x64) AppleWebKit/537.36 (KHTML, like Gecko) Chrome/124.0.0.0 Safari/537.36','4g',10,5),(33,1714869391752,'www.primevideo.com',0,'primevideo.com/?_encoding=UTF8&language=pt_BR','https://www.primevideo.com/?_encoding=UTF8&language=pt_BR','https://m.media-amazon.com/images/G/01/digital/video/DVUI/favicons/favicon-32x32.png',1707,898,'Mozilla/5.0 (Windows NT 10.0; Win64; x64) AppleWebKit/537.36 (KHTML, like Gecko) Chrome/124.0.0.0 Safari/537.36','5.0 (Windows NT 10.0; Win64; x64) AppleWebKit/537.36 (KHTML, like Gecko) Chrome/124.0.0.0 Safari/537.36','4g',10,5),(34,1714869444273,'play.max.com',0,'Max','https://play.max.com/','https://play.max.com/favicon-32.png',1707,898,'Mozilla/5.0 (Windows NT 10.0; Win64; x64) AppleWebKit/537.36 (KHTML, like Gecko) Chrome/124.0.0.0 Safari/537.36','5.0 (Windows NT 10.0; Win64; x64) AppleWebKit/537.36 (KHTML, like Gecko) Chrome/124.0.0.0 Safari/537.36','4g',10,5),(35,1714869444276,'play.max.com',0,'Max','https://play.max.com/','https://play.max.com/favicon-32.png',1707,898,'Mozilla/5.0 (Windows NT 10.0; Win64; x64) AppleWebKit/537.36 (KHTML, like Gecko) Chrome/124.0.0.0 Safari/537.36','5.0 (Windows NT 10.0; Win64; x64) AppleWebKit/537.36 (KHTML, like Gecko) Chrome/124.0.0.0 Safari/537.36','4g',10,5),(36,1714869448046,'www.primevideo.com',0,'Prime Video: Soldado Anônimo','https://www.primevideo.com/detail/0HSTGW5YGG225UFMSSFUQJS6R4/ref=atv_sr_fle_c_Tn74RA_3_1_3?sr=1-3&pageTypeIdSource=ASIN&pageTypeId=B01M3XI8JE&qid=1714869418220','https://m.media-amazon.com/images/G/01/digital/video/DVUI/favicons/favicon-32x32.png',1707,898,'Mozilla/5.0 (Windows NT 10.0; Win64; x64) AppleWebKit/537.36 (KHTML, like Gecko) Chrome/124.0.0.0 Safari/537.36','5.0 (Windows NT 10.0; Win64; x64) AppleWebKit/537.36 (KHTML, like Gecko) Chrome/124.0.0.0 Safari/537.36','4g',10,5),(37,1714869453012,'play.max.com',0,'Max','https://play.max.com/','https://play.max.com/favicon-32.png',1707,898,'Mozilla/5.0 (Windows NT 10.0; Win64; x64) AppleWebKit/537.36 (KHTML, like Gecko) Chrome/124.0.0.0 Safari/537.36','5.0 (Windows NT 10.0; Win64; x64) AppleWebKit/537.36 (KHTML, like Gecko) Chrome/124.0.0.0 Safari/537.36','4g',10,5),(38,1714869510273,'www.primevideo.com',0,'primevideo.com/-/pt/detail/Soldado-Anônimo/0HSTGW5YGG225UFMSSFUQJS6R4','https://www.primevideo.com/-/pt/detail/Soldado-An%C3%B4nimo/0HSTGW5YGG225UFMSSFUQJS6R4','',1707,898,'Mozilla/5.0 (Windows NT 10.0; Win64; x64) AppleWebKit/537.36 (KHTML, like Gecko) Chrome/124.0.0.0 Safari/537.36','5.0 (Windows NT 10.0; Win64; x64) AppleWebKit/537.36 (KHTML, like Gecko) Chrome/124.0.0.0 Safari/537.36','4g',10,5),(39,1714869513444,'play.max.com',0,'Pesquisar • Max','https://play.max.com/search/result?q=soldado+an%C3%B4nimo','https://play.max.com/favicon-32.png',1707,898,'Mozilla/5.0 (Windows NT 10.0; Win64; x64) AppleWebKit/537.36 (KHTML, like Gecko) Chrome/124.0.0.0 Safari/537.36','5.0 (Windows NT 10.0; Win64; x64) AppleWebKit/537.36 (KHTML, like Gecko) Chrome/124.0.0.0 Safari/537.36','4g',10,5),(40,1714869524073,'filmize.in',0,'filmize.in/filme/online/soldado-anonimo','https://filmize.in/filme/online/soldado-anonimo','',1707,898,'Mozilla/5.0 (Windows NT 10.0; Win64; x64) AppleWebKit/537.36 (KHTML, like Gecko) Chrome/124.0.0.0 Safari/537.36','5.0 (Windows NT 10.0; Win64; x64) AppleWebKit/537.36 (KHTML, like Gecko) Chrome/124.0.0.0 Safari/537.36','4g',10,5),(41,1714869546677,'www.netflix.com',0,'Netflix','https://www.netflix.com/watch/80195963?trackId=13212365&tctx=2%2C1%2Cf03d9c47-72e6-49bc-a7f0-50b92448aa32-288754518%2CNES_9E45298DF3D659366F1F29B3E785DC-B6A9E59C97206E-904515EFF2_p_1714866245116%2C%2C%2C%2C%2C80084089%2CVideo%3A80195963%2CdetailsPageCollection','https://assets.nflxext.com/ffe/siteui/common/icons/nficon2016.ico',1707,898,'Mozilla/5.0 (Windows NT 10.0; Win64; x64) AppleWebKit/537.36 (KHTML, like Gecko) Chrome/124.0.0.0 Safari/537.36','5.0 (Windows NT 10.0; Win64; x64) AppleWebKit/537.36 (KHTML, like Gecko) Chrome/124.0.0.0 Safari/537.36','4g',10,5),(42,1714869547642,'www.youtube.com',0,'(9) Dominion (2018) - full documentary [Official] - YouTube','https://www.youtube.com/watch?v=LQRAfJyEsko&list=WL','https://www.youtube.com/s/desktop/7c0eb0c2/img/favicon_32x32.png',1707,898,'Mozilla/5.0 (Windows NT 10.0; Win64; x64) AppleWebKit/537.36 (KHTML, like Gecko) Chrome/124.0.0.0 Safari/537.36','5.0 (Windows NT 10.0; Win64; x64) AppleWebKit/537.36 (KHTML, like Gecko) Chrome/124.0.0.0 Safari/537.36','4g',10,5),(43,1714869785459,'www.primevideo.com',0,'Prime Video: Soldado Anônimo','https://www.primevideo.com/detail/0HSTGW5YGG225UFMSSFUQJS6R4/ref=atv_sr_fle_c_Tn74RA_3_1_3?sr=1-3&pageTypeIdSource=ASIN&pageTypeId=B01M3XI8JE&qid=1714869418220','https://m.media-amazon.com/images/G/01/digital/video/DVUI/favicons/favicon-32x32.png',1707,898,'Mozilla/5.0 (Windows NT 10.0; Win64; x64) AppleWebKit/537.36 (KHTML, like Gecko) Chrome/124.0.0.0 Safari/537.36','5.0 (Windows NT 10.0; Win64; x64) AppleWebKit/537.36 (KHTML, like Gecko) Chrome/124.0.0.0 Safari/537.36','4g',10,5),(44,1714869790930,'www.primevideo.com',0,'primevideo.com/mystuff/watchlist/ref=atv_dp_mv_c_9zZ8D2_mys_wl','https://www.primevideo.com/mystuff/watchlist/ref=atv_dp_mv_c_9zZ8D2_mys_wl','https://m.media-amazon.com/images/G/01/digital/video/DVUI/favicons/favicon-32x32.png',1707,898,'Mozilla/5.0 (Windows NT 10.0; Win64; x64) AppleWebKit/537.36 (KHTML, like Gecko) Chrome/124.0.0.0 Safari/537.36','5.0 (Windows NT 10.0; Win64; x64) AppleWebKit/537.36 (KHTML, like Gecko) Chrome/124.0.0.0 Safari/537.36','4g',10,5),(45,1714869865476,'www.primevideo.com',0,'primevideo.com/detail/0NHHLCA3SS9XY9GEG7M6HWJO81/ref=atv_hm_wat_c_0sLMfd_1_73','https://www.primevideo.com/detail/0NHHLCA3SS9XY9GEG7M6HWJO81/ref=atv_hm_wat_c_0sLMfd_1_73','',1707,898,'Mozilla/5.0 (Windows NT 10.0; Win64; x64) AppleWebKit/537.36 (KHTML, like Gecko) Chrome/124.0.0.0 Safari/537.36','5.0 (Windows NT 10.0; Win64; x64) AppleWebKit/537.36 (KHTML, like Gecko) Chrome/124.0.0.0 Safari/537.36','4g',10,5),(46,1714869885313,'www.primevideo.com',0,'Prime Video: Sua Lista','https://www.primevideo.com/mystuff/watchlist/all/ref=atv_mys_wl_tab','https://m.media-amazon.com/images/G/01/digital/video/DVUI/favicons/favicon-32x32.png',1707,898,'Mozilla/5.0 (Windows NT 10.0; Win64; x64) AppleWebKit/537.36 (KHTML, like Gecko) Chrome/124.0.0.0 Safari/537.36','5.0 (Windows NT 10.0; Win64; x64) AppleWebKit/537.36 (KHTML, like Gecko) Chrome/124.0.0.0 Safari/537.36','4g',10,5),(47,1714869891938,'www.primevideo.com',0,'primevideo.com/detail/0PNN0D2G09Z4HE1QOJ7ENJEVFM/ref=atv_hm_wat_1_c_0sLMfd_1_20','https://www.primevideo.com/detail/0PNN0D2G09Z4HE1QOJ7ENJEVFM/ref=atv_hm_wat_1_c_0sLMfd_1_20','',1707,898,'Mozilla/5.0 (Windows NT 10.0; Win64; x64) AppleWebKit/537.36 (KHTML, like Gecko) Chrome/124.0.0.0 Safari/537.36','5.0 (Windows NT 10.0; Win64; x64) AppleWebKit/537.36 (KHTML, like Gecko) Chrome/124.0.0.0 Safari/537.36','4g',10,5),(48,1714869985285,'www.youtube.com',0,'(9) Dominion (2018) - full documentary [Official] - YouTube','https://www.youtube.com/watch?v=LQRAfJyEsko&list=WL','https://www.youtube.com/s/desktop/7c0eb0c2/img/favicon_32x32.png',1707,898,'Mozilla/5.0 (Windows NT 10.0; Win64; x64) AppleWebKit/537.36 (KHTML, like Gecko) Chrome/124.0.0.0 Safari/537.36','5.0 (Windows NT 10.0; Win64; x64) AppleWebKit/537.36 (KHTML, like Gecko) Chrome/124.0.0.0 Safari/537.36','4g',10,5),(49,1714870360935,'www.netflix.com',0,'Netflix','https://www.netflix.com/watch/80195963?trackId=13212365&tctx=2%2C1%2Cf03d9c47-72e6-49bc-a7f0-50b92448aa32-288754518%2CNES_9E45298DF3D659366F1F29B3E785DC-B6A9E59C97206E-904515EFF2_p_1714866245116%2C%2C%2C%2C%2C80084089%2CVideo%3A80195963%2CdetailsPageCollection','https://assets.nflxext.com/ffe/siteui/common/icons/nficon2016.ico',1707,898,'Mozilla/5.0 (Windows NT 10.0; Win64; x64) AppleWebKit/537.36 (KHTML, like Gecko) Chrome/124.0.0.0 Safari/537.36','5.0 (Windows NT 10.0; Win64; x64) AppleWebKit/537.36 (KHTML, like Gecko) Chrome/124.0.0.0 Safari/537.36','4g',10,5),(50,1714870362242,'www.primevideo.com',0,'Prime Video: Expresso para o Inferno','https://www.primevideo.com/detail/0PDPI1YG75R3DYH3YIX8AGP8Y7/ref=atv_hm_hom_c_TE8LoN_5_3?jic=8%7CEgRzdm9k','https://m.media-amazon.com/images/G/01/digital/video/DVUI/favicons/favicon-32x32.png',1707,898,'Mozilla/5.0 (Windows NT 10.0; Win64; x64) AppleWebKit/537.36 (KHTML, like Gecko) Chrome/124.0.0.0 Safari/537.36','5.0 (Windows NT 10.0; Win64; x64) AppleWebKit/537.36 (KHTML, like Gecko) Chrome/124.0.0.0 Safari/537.36','4g',10,5),(51,1714870372373,'www.youtube.com',0,'(9) Dominion (2018) - full documentary [Official] - YouTube','https://www.youtube.com/watch?v=LQRAfJyEsko&list=WL','https://www.youtube.com/s/desktop/7c0eb0c2/img/favicon_32x32.png',1707,898,'Mozilla/5.0 (Windows NT 10.0; Win64; x64) AppleWebKit/537.36 (KHTML, like Gecko) Chrome/124.0.0.0 Safari/537.36','5.0 (Windows NT 10.0; Win64; x64) AppleWebKit/537.36 (KHTML, like Gecko) Chrome/124.0.0.0 Safari/537.36','4g',10,5),(52,1714870531234,'www.primevideo.com',0,'Prime Video: Expresso para o Inferno','https://www.primevideo.com/detail/0PDPI1YG75R3DYH3YIX8AGP8Y7/ref=atv_hm_hom_c_TE8LoN_5_3?jic=8%7CEgRzdm9k','https://m.media-amazon.com/images/G/01/digital/video/DVUI/favicons/favicon-32x32.png',1707,898,'Mozilla/5.0 (Windows NT 10.0; Win64; x64) AppleWebKit/537.36 (KHTML, like Gecko) Chrome/124.0.0.0 Safari/537.36','5.0 (Windows NT 10.0; Win64; x64) AppleWebKit/537.36 (KHTML, like Gecko) Chrome/124.0.0.0 Safari/537.36','4g',10,5),(53,1714871221835,'www.primevideo.com',0,'Prime Video | Assista a filmes, séries, TV ao vivo e esportes','https://www.primevideo.com/storefront/ref=atv_dp_mv_c_9zZ8D2_hom','https://m.media-amazon.com/images/G/01/digital/video/DVUI/favicons/favicon-32x32.png',1707,898,'Mozilla/5.0 (Windows NT 10.0; Win64; x64) AppleWebKit/537.36 (KHTML, like Gecko) Chrome/124.0.0.0 Safari/537.36','5.0 (Windows NT 10.0; Win64; x64) AppleWebKit/537.36 (KHTML, like Gecko) Chrome/124.0.0.0 Safari/537.36','4g',10,5),(54,1714871590410,'www.google.com',0,'James Haven Voight - Pesquisa Google','https://www.google.com/search?sca_esv=ee33e09d020e77e6&sca_upv=1&sxsrf=ADLYWIKvCpIadNxJGX-GbHZaPZUaEXd9SQ:1714871566883&q=James+Haven+Voight&si=ACC90nzx_D3_zUKRnpAjmO0UBLNxnt7EyN4YYdru6U3bxLI-L0dhbIEH2HdS3eKnCbkk6WsIgMkU8Sp_ckEKMktqvFm9ETQXUUEMBrQbZVxeT38Xj4z3v7B_EI_iPQsXuHyDiSEUhPWr8yUg7YsNuwXsfy_djVBKOdnoVe-l8mIX45_2B8ialVKwgep8QJqtZ3GC6vjBqRhKgWpTfk11y0QOO8vcVRSuM0KTr2n3nRAYRfqYOV1EIkXVDs4LMCM6vwWTy9FAYaSUMqv7imuFcG6qFt9PjuDd5w%3D%3D&sa=X&sqi=2&ved=2ahUKEwiF_9C0qvWFAxUZrJUCHU2xCfYQmxMoAXoECCcQAw','',1707,898,'Mozilla/5.0 (Windows NT 10.0; Win64; x64) AppleWebKit/537.36 (KHTML, like Gecko) Chrome/124.0.0.0 Safari/537.36','5.0 (Windows NT 10.0; Win64; x64) AppleWebKit/537.36 (KHTML, like Gecko) Chrome/124.0.0.0 Safari/537.36','4g',10,5),(55,1714871598737,'www.google.com',0,'Angelina Jolie - Pesquisa Google','https://www.google.com/search?sca_esv=ee33e09d020e77e6&sca_upv=1&sxsrf=ADLYWIKvCpIadNxJGX-GbHZaPZUaEXd9SQ:1714871566883&q=Angelina+Jolie&si=ACC90nzx_D3_zUKRnpAjmO0UBLNxnt7EyN4YYdru6U3bxLI-LynVpnJ2Hp7uZxE40qrr6eeD11kvgjpnmb_RoqXfmuCjy8c65HdLI7ly5JY82sF1htO_wgxlJRucP0UVSEpOf1QHWOKWQdlZESHwzAs-Gx-iyP2gV8t5Q39ot-NgaJJZpvyrQLr-Rt0l-o7q06AMlDDe4ndGTMUGscSGLNGS7eHomf6Yb_CyL8n8EAlrnnaC7JeH84B4I9HIoGYFhWzayQ2qsfnNCqjXk2I6UnnIUohvSEF_Vg%3D%3D&sa=X&sqi=2&ved=2ahUKEwiF_9C0qvWFAxUZrJUCHU2xCfYQmxMoAHoECCcQAg','https://www.google.com/favicon.ico',1707,898,'Mozilla/5.0 (Windows NT 10.0; Win64; x64) AppleWebKit/537.36 (KHTML, like Gecko) Chrome/124.0.0.0 Safari/537.36','5.0 (Windows NT 10.0; Win64; x64) AppleWebKit/537.36 (KHTML, like Gecko) Chrome/124.0.0.0 Safari/537.36','4g',10,5),(56,1714871602729,'www.google.com',0,'jon voight - Pesquisa Google','https://www.google.com/search?q=jon+voight&oq=jon+vo&gs_lcrp=EgZjaHJvbWUqDQgAEAAY4wIYsQMYgAQyDQgAEAAY4wIYsQMYgAQyCggBEC4YsQMYgAQyBggCEEUYOTIHCAMQABiABDIJCAQQABgKGIAEMgcIBRAAGIAEMgkIBhAuGAoYgAQyBwgHEAAYgAQyCQgIEAAYChiABDIHCAkQLhiABKgCALACAA&sourceid=chrome&ie=UTF-8','https://www.google.com/favicon.ico',1707,898,'Mozilla/5.0 (Windows NT 10.0; Win64; x64) AppleWebKit/537.36 (KHTML, like Gecko) Chrome/124.0.0.0 Safari/537.36','5.0 (Windows NT 10.0; Win64; x64) AppleWebKit/537.36 (KHTML, like Gecko) Chrome/124.0.0.0 Safari/537.36','4g',10,5),(57,1714871603166,'filmize.in',0,'Assistir Soldado Anônimo Online Gratis (Filme HD)','https://filmize.in/filme/online/soldado-anonimo','https://filmize.in/assets/img/favicon.png',1707,898,'Mozilla/5.0 (Windows NT 10.0; Win64; x64) AppleWebKit/537.36 (KHTML, like Gecko) Chrome/124.0.0.0 Safari/537.36','5.0 (Windows NT 10.0; Win64; x64) AppleWebKit/537.36 (KHTML, like Gecko) Chrome/124.0.0.0 Safari/537.36','4g',10,5),(58,1714871603800,'play.max.com',0,'Pesquisar • Max','https://play.max.com/search/result?q=soldado+an%C3%B4nimo','https://play.max.com/favicon-32.png',1707,898,'Mozilla/5.0 (Windows NT 10.0; Win64; x64) AppleWebKit/537.36 (KHTML, like Gecko) Chrome/124.0.0.0 Safari/537.36','5.0 (Windows NT 10.0; Win64; x64) AppleWebKit/537.36 (KHTML, like Gecko) Chrome/124.0.0.0 Safari/537.36','4g',10,5),(59,1714871604087,'play.max.com',0,'Max','https://play.max.com/search/result?q=soldado+an%C3%B4nimo','https://play.max.com/favicon-32.png',1707,898,'Mozilla/5.0 (Windows NT 10.0; Win64; x64) AppleWebKit/537.36 (KHTML, like Gecko) Chrome/124.0.0.0 Safari/537.36','5.0 (Windows NT 10.0; Win64; x64) AppleWebKit/537.36 (KHTML, like Gecko) Chrome/124.0.0.0 Safari/537.36','4g',10,5),(60,1714871606095,'filmize.in',0,'Assistir Soldado Anônimo Online Gratis (Filme HD)','https://filmize.in/filme/online/soldado-anonimo','https://filmize.in/assets/img/favicon.png',1707,898,'Mozilla/5.0 (Windows NT 10.0; Win64; x64) AppleWebKit/537.36 (KHTML, like Gecko) Chrome/124.0.0.0 Safari/537.36','5.0 (Windows NT 10.0; Win64; x64) AppleWebKit/537.36 (KHTML, like Gecko) Chrome/124.0.0.0 Safari/537.36','4g',10,5),(61,1714871606497,'www.primevideo.com',0,'Prime Video: Expresso para o Inferno','https://www.primevideo.com/detail/0PDPI1YG75R3DYH3YIX8AGP8Y7/ref=atv_hm_hom_c_TE8LoN_5_3?jic=8%7CEgRzdm9k','https://m.media-amazon.com/images/G/01/digital/video/DVUI/favicons/favicon-32x32.png',1707,898,'Mozilla/5.0 (Windows NT 10.0; Win64; x64) AppleWebKit/537.36 (KHTML, like Gecko) Chrome/124.0.0.0 Safari/537.36','5.0 (Windows NT 10.0; Win64; x64) AppleWebKit/537.36 (KHTML, like Gecko) Chrome/124.0.0.0 Safari/537.36','4g',10,5),(62,1714878449468,'www.netflix.com',0,'Netflix','https://www.netflix.com/watch/80195963?trackId=13212365&tctx=2%2C1%2Cf03d9c47-72e6-49bc-a7f0-50b92448aa32-288754518%2CNES_9E45298DF3D659366F1F29B3E785DC-B6A9E59C97206E-904515EFF2_p_1714866245116%2C%2C%2C%2C%2C80084089%2CVideo%3A80195963%2CdetailsPageCollection','https://assets.nflxext.com/ffe/siteui/common/icons/nficon2016.ico',1707,898,'Mozilla/5.0 (Windows NT 10.0; Win64; x64) AppleWebKit/537.36 (KHTML, like Gecko) Chrome/124.0.0.0 Safari/537.36','5.0 (Windows NT 10.0; Win64; x64) AppleWebKit/537.36 (KHTML, like Gecko) Chrome/124.0.0.0 Safari/537.36','4g',10,5),(63,1714878449765,'www.youtube.com',0,'(9) Dominion (2018) - full documentary [Official] - YouTube','https://www.youtube.com/watch?v=LQRAfJyEsko&list=WL','https://www.youtube.com/s/desktop/7c0eb0c2/img/favicon_32x32.png',1707,898,'Mozilla/5.0 (Windows NT 10.0; Win64; x64) AppleWebKit/537.36 (KHTML, like Gecko) Chrome/124.0.0.0 Safari/537.36','5.0 (Windows NT 10.0; Win64; x64) AppleWebKit/537.36 (KHTML, like Gecko) Chrome/124.0.0.0 Safari/537.36','4g',10,5),(64,1714878482520,'www.youtube.com',0,'(9) YouTube','https://www.youtube.com/','https://www.youtube.com/s/desktop/7c0eb0c2/img/favicon_32x32.png',1707,898,'Mozilla/5.0 (Windows NT 10.0; Win64; x64) AppleWebKit/537.36 (KHTML, like Gecko) Chrome/124.0.0.0 Safari/537.36','5.0 (Windows NT 10.0; Win64; x64) AppleWebKit/537.36 (KHTML, like Gecko) Chrome/124.0.0.0 Safari/537.36','4g',10,5),(65,1714878488256,'www.youtube.com',0,'(9) YouTube','https://www.youtube.com/','https://www.youtube.com/s/desktop/7c0eb0c2/img/favicon_32x32.png',1707,898,'Mozilla/5.0 (Windows NT 10.0; Win64; x64) AppleWebKit/537.36 (KHTML, like Gecko) Chrome/124.0.0.0 Safari/537.36','5.0 (Windows NT 10.0; Win64; x64) AppleWebKit/537.36 (KHTML, like Gecko) Chrome/124.0.0.0 Safari/537.36','4g',10,5),(66,1714878488789,'www.youtube.com',0,'Strength vs Hypertrophy: The Science of Building Muscle - YouTube','https://www.youtube.com/watch?v=sxn5kPQ4Gl0','',1707,898,'Mozilla/5.0 (Windows NT 10.0; Win64; x64) AppleWebKit/537.36 (KHTML, like Gecko) Chrome/124.0.0.0 Safari/537.36','5.0 (Windows NT 10.0; Win64; x64) AppleWebKit/537.36 (KHTML, like Gecko) Chrome/124.0.0.0 Safari/537.36','4g',10,5),(67,1714878730948,'www.youtube.com',0,'4 Hellish Accounts of the Fall of Civilizations - YouTube','https://www.youtube.com/watch?v=iq66D8BpJqQ','https://www.youtube.com/s/desktop/7c0eb0c2/img/favicon_32x32.png',1707,898,'Mozilla/5.0 (Windows NT 10.0; Win64; x64) AppleWebKit/537.36 (KHTML, like Gecko) Chrome/124.0.0.0 Safari/537.36','5.0 (Windows NT 10.0; Win64; x64) AppleWebKit/537.36 (KHTML, like Gecko) Chrome/124.0.0.0 Safari/537.36','4g',10,5),(68,1714878745009,'www.youtube.com',0,'(9) YouTube','https://www.youtube.com/','https://www.youtube.com/s/desktop/7c0eb0c2/img/favicon_32x32.png',1707,898,'Mozilla/5.0 (Windows NT 10.0; Win64; x64) AppleWebKit/537.36 (KHTML, like Gecko) Chrome/124.0.0.0 Safari/537.36','5.0 (Windows NT 10.0; Win64; x64) AppleWebKit/537.36 (KHTML, like Gecko) Chrome/124.0.0.0 Safari/537.36','4g',10,5),(69,1714878762049,'www.youtube.com',0,'(9) 4 Hellish Accounts of the Fall of Civilizations - YouTube','https://www.youtube.com/watch?v=iq66D8BpJqQ','https://www.youtube.com/s/desktop/7c0eb0c2/img/favicon_32x32.png',1707,898,'Mozilla/5.0 (Windows NT 10.0; Win64; x64) AppleWebKit/537.36 (KHTML, like Gecko) Chrome/124.0.0.0 Safari/537.36','5.0 (Windows NT 10.0; Win64; x64) AppleWebKit/537.36 (KHTML, like Gecko) Chrome/124.0.0.0 Safari/537.36','4g',10,5),(70,1714878763728,'www.youtube.com',0,'(9) compilado shitpost e memes K7 #? - YouTube','https://www.youtube.com/watch?v=S1QnQAuYc78','https://www.youtube.com/s/desktop/7c0eb0c2/img/favicon_32x32.png',1707,898,'Mozilla/5.0 (Windows NT 10.0; Win64; x64) AppleWebKit/537.36 (KHTML, like Gecko) Chrome/124.0.0.0 Safari/537.36','5.0 (Windows NT 10.0; Win64; x64) AppleWebKit/537.36 (KHTML, like Gecko) Chrome/124.0.0.0 Safari/537.36','4g',10,5),(71,1714878948927,'www.youtube.com',0,'(9) 4 Hellish Accounts of the Fall of Civilizations - YouTube','https://www.youtube.com/watch?v=iq66D8BpJqQ','https://www.youtube.com/s/desktop/7c0eb0c2/img/favicon_32x32.png',1707,898,'Mozilla/5.0 (Windows NT 10.0; Win64; x64) AppleWebKit/537.36 (KHTML, like Gecko) Chrome/124.0.0.0 Safari/537.36','5.0 (Windows NT 10.0; Win64; x64) AppleWebKit/537.36 (KHTML, like Gecko) Chrome/124.0.0.0 Safari/537.36','4g',10,5),(72,1714878949345,'www.netflix.com',0,'Netflix','https://www.netflix.com/watch/80195963?trackId=13212365&tctx=2%2C1%2Cf03d9c47-72e6-49bc-a7f0-50b92448aa32-288754518%2CNES_9E45298DF3D659366F1F29B3E785DC-B6A9E59C97206E-904515EFF2_p_1714866245116%2C%2C%2C%2C%2C80084089%2CVideo%3A80195963%2CdetailsPageCollection','https://assets.nflxext.com/ffe/siteui/common/icons/nficon2016.ico',1707,898,'Mozilla/5.0 (Windows NT 10.0; Win64; x64) AppleWebKit/537.36 (KHTML, like Gecko) Chrome/124.0.0.0 Safari/537.36','5.0 (Windows NT 10.0; Win64; x64) AppleWebKit/537.36 (KHTML, like Gecko) Chrome/124.0.0.0 Safari/537.36','4g',10,5),(73,1714878980179,'www.primevideo.com',0,'Prime Video: A Estrada','https://www.primevideo.com/detail/0HXY82QEKFKBLAXK6VCQUPX6UF/ref=atv_dp_amz_c_TS5124c5_1_1?jic=16%7CCgNhbGwSA2FsbA%3D%3D','https://m.media-amazon.com/images/G/01/digital/video/DVUI/favicons/favicon-32x32.png',1707,898,'Mozilla/5.0 (Windows NT 10.0; Win64; x64) AppleWebKit/537.36 (KHTML, like Gecko) Chrome/124.0.0.0 Safari/537.36','5.0 (Windows NT 10.0; Win64; x64) AppleWebKit/537.36 (KHTML, like Gecko) Chrome/124.0.0.0 Safari/537.36','4g',10,5),(74,1714878991077,'www.netflix.com',0,'Jogo do Dinheiro – Netflix','https://www.netflix.com/browse?jbv=80084089','https://assets.nflxext.com/ffe/siteui/common/icons/nficon2016.ico',1707,898,'Mozilla/5.0 (Windows NT 10.0; Win64; x64) AppleWebKit/537.36 (KHTML, like Gecko) Chrome/124.0.0.0 Safari/537.36','5.0 (Windows NT 10.0; Win64; x64) AppleWebKit/537.36 (KHTML, like Gecko) Chrome/124.0.0.0 Safari/537.36','4g',10,5),(75,1714881066416,'newtab',0,'Nova guia','chrome://newtab/','',1707,898,'Mozilla/5.0 (Windows NT 10.0; Win64; x64) AppleWebKit/537.36 (KHTML, like Gecko) Chrome/124.0.0.0 Safari/537.36','5.0 (Windows NT 10.0; Win64; x64) AppleWebKit/537.36 (KHTML, like Gecko) Chrome/124.0.0.0 Safari/537.36','4g',10,5),(76,1714881091324,'www.businessinsider.com',0,'Blockbuster: the Rise and Fall of the Iconic Movie Rental Store','https://www.businessinsider.com/rise-and-fall-of-blockbuster','',1707,898,'Mozilla/5.0 (Windows NT 10.0; Win64; x64) AppleWebKit/537.36 (KHTML, like Gecko) Chrome/124.0.0.0 Safari/537.36','5.0 (Windows NT 10.0; Win64; x64) AppleWebKit/537.36 (KHTML, like Gecko) Chrome/124.0.0.0 Safari/537.36','4g',10,5),(77,1714881100363,'www.netflix.com',0,'Netflix','https://www.netflix.com/watch/80195963?trackId=13212365&tctx=2%2C1%2Cf03d9c47-72e6-49bc-a7f0-50b92448aa32-288754518%2CNES_9E45298DF3D659366F1F29B3E785DC-B6A9E59C97206E-904515EFF2_p_1714866245116%2C%2C%2C%2C%2C80084089%2CVideo%3A80195963%2CdetailsPageCollection','https://assets.nflxext.com/ffe/siteui/common/icons/nficon2016.ico',1707,898,'Mozilla/5.0 (Windows NT 10.0; Win64; x64) AppleWebKit/537.36 (KHTML, like Gecko) Chrome/124.0.0.0 Safari/537.36','5.0 (Windows NT 10.0; Win64; x64) AppleWebKit/537.36 (KHTML, like Gecko) Chrome/124.0.0.0 Safari/537.36','4g',10,5),(78,1714882909368,'www.youtube.com',0,'YouTube','https://www.youtube.com/','https://www.youtube.com/s/desktop/7c0eb0c2/img/favicon_32x32.png',1707,898,'Mozilla/5.0 (Windows NT 10.0; Win64; x64) AppleWebKit/537.36 (KHTML, like Gecko) Chrome/124.0.0.0 Safari/537.36','5.0 (Windows NT 10.0; Win64; x64) AppleWebKit/537.36 (KHTML, like Gecko) Chrome/124.0.0.0 Safari/537.36','4g',10,5),(79,1714883046983,'www.netflix.com',0,'Netflix','https://www.netflix.com/watch/80195963?trackId=13212365&tctx=2%2C1%2Cf03d9c47-72e6-49bc-a7f0-50b92448aa32-288754518%2CNES_9E45298DF3D659366F1F29B3E785DC-B6A9E59C97206E-904515EFF2_p_1714866245116%2C%2C%2C%2C%2C80084089%2CVideo%3A80195963%2CdetailsPageCollection','https://assets.nflxext.com/ffe/siteui/common/icons/nficon2016.ico',1707,898,'Mozilla/5.0 (Windows NT 10.0; Win64; x64) AppleWebKit/537.36 (KHTML, like Gecko) Chrome/124.0.0.0 Safari/537.36','5.0 (Windows NT 10.0; Win64; x64) AppleWebKit/537.36 (KHTML, like Gecko) Chrome/124.0.0.0 Safari/537.36','4g',10,5),(80,1714937562300,'newtab',0,'Nova guia','chrome://newtab/','',1707,898,'Mozilla/5.0 (Windows NT 10.0; Win64; x64) AppleWebKit/537.36 (KHTML, like Gecko) Chrome/124.0.0.0 Safari/537.36','5.0 (Windows NT 10.0; Win64; x64) AppleWebKit/537.36 (KHTML, like Gecko) Chrome/124.0.0.0 Safari/537.36','4g',10,5),(81,1714937562779,'newtab',0,'Nova guia','chrome://newtab/','',1707,898,'Mozilla/5.0 (Windows NT 10.0; Win64; x64) AppleWebKit/537.36 (KHTML, like Gecko) Chrome/124.0.0.0 Safari/537.36','5.0 (Windows NT 10.0; Win64; x64) AppleWebKit/537.36 (KHTML, like Gecko) Chrome/124.0.0.0 Safari/537.36','4g',10,5),(82,1714937564082,'www.youtube.com',0,'YouTube','https://www.youtube.com/','https://www.youtube.com/s/desktop/7c0eb0c2/img/favicon_32x32.png',1707,898,'Mozilla/5.0 (Windows NT 10.0; Win64; x64) AppleWebKit/537.36 (KHTML, like Gecko) Chrome/124.0.0.0 Safari/537.36','5.0 (Windows NT 10.0; Win64; x64) AppleWebKit/537.36 (KHTML, like Gecko) Chrome/124.0.0.0 Safari/537.36','4g',10,5),(83,1714937665302,'www.youtube.com',0,'(14) YouTube','https://www.youtube.com/','https://www.youtube.com/s/desktop/7c0eb0c2/img/favicon_32x32.png',1707,898,'Mozilla/5.0 (Windows NT 10.0; Win64; x64) AppleWebKit/537.36 (KHTML, like Gecko) Chrome/124.0.0.0 Safari/537.36','5.0 (Windows NT 10.0; Win64; x64) AppleWebKit/537.36 (KHTML, like Gecko) Chrome/124.0.0.0 Safari/537.36','4g',10,5),(84,1714937748468,'www.youtube.com',0,'(14) YouTube','https://www.youtube.com/','https://www.youtube.com/s/desktop/7c0eb0c2/img/favicon_32x32.png',1707,898,'Mozilla/5.0 (Windows NT 10.0; Win64; x64) AppleWebKit/537.36 (KHTML, like Gecko) Chrome/124.0.0.0 Safari/537.36','5.0 (Windows NT 10.0; Win64; x64) AppleWebKit/537.36 (KHTML, like Gecko) Chrome/124.0.0.0 Safari/537.36','4g',10,5),(85,1714937751122,'www.youtube.com',0,'Arthropods are our ancient enemies - YouTube','https://www.youtube.com/watch?v=4skLWQywam8','https://www.youtube.com/s/desktop/7c0eb0c2/img/favicon_32x32.png',1707,898,'Mozilla/5.0 (Windows NT 10.0; Win64; x64) AppleWebKit/537.36 (KHTML, like Gecko) Chrome/124.0.0.0 Safari/537.36','5.0 (Windows NT 10.0; Win64; x64) AppleWebKit/537.36 (KHTML, like Gecko) Chrome/124.0.0.0 Safari/537.36','4g',10,5),(86,1714937752036,'www.youtube.com',0,'(14) YouTube','https://www.youtube.com/','https://www.youtube.com/s/desktop/7c0eb0c2/img/favicon_32x32.png',1707,898,'Mozilla/5.0 (Windows NT 10.0; Win64; x64) AppleWebKit/537.36 (KHTML, like Gecko) Chrome/124.0.0.0 Safari/537.36','5.0 (Windows NT 10.0; Win64; x64) AppleWebKit/537.36 (KHTML, like Gecko) Chrome/124.0.0.0 Safari/537.36','4g',10,5),(87,1714937752863,'www.youtube.com',0,'(14) Arthropods are our ancient enemies - YouTube','https://www.youtube.com/watch?v=4skLWQywam8','https://www.youtube.com/s/desktop/7c0eb0c2/img/favicon_32x32.png',1707,898,'Mozilla/5.0 (Windows NT 10.0; Win64; x64) AppleWebKit/537.36 (KHTML, like Gecko) Chrome/124.0.0.0 Safari/537.36','5.0 (Windows NT 10.0; Win64; x64) AppleWebKit/537.36 (KHTML, like Gecko) Chrome/124.0.0.0 Safari/537.36','4g',10,5),(88,1714938017691,'stackoverflow.com',0,'stackoverflow.com/questions/18053385/indexing-column-with-replace-function-in-mysql','https://stackoverflow.com/questions/18053385/indexing-column-with-replace-function-in-mysql','',1707,898,'Mozilla/5.0 (Windows NT 10.0; Win64; x64) AppleWebKit/537.36 (KHTML, like Gecko) Chrome/124.0.0.0 Safari/537.36','5.0 (Windows NT 10.0; Win64; x64) AppleWebKit/537.36 (KHTML, like Gecko) Chrome/124.0.0.0 Safari/537.36','4g',10,5),(89,1714938036419,'www.developer.com',0,'developer.com/database/mysql-insert-replace-commands/','https://www.developer.com/database/mysql-insert-replace-commands/','',1707,898,'Mozilla/5.0 (Windows NT 10.0; Win64; x64) AppleWebKit/537.36 (KHTML, like Gecko) Chrome/124.0.0.0 Safari/537.36','5.0 (Windows NT 10.0; Win64; x64) AppleWebKit/537.36 (KHTML, like Gecko) Chrome/124.0.0.0 Safari/537.36','4g',10,5),(90,1714938396127,'newtab',0,'Nova guia','chrome://newtab/','',1707,898,'Mozilla/5.0 (Windows NT 10.0; Win64; x64) AppleWebKit/537.36 (KHTML, like Gecko) Chrome/124.0.0.0 Safari/537.36','5.0 (Windows NT 10.0; Win64; x64) AppleWebKit/537.36 (KHTML, like Gecko) Chrome/124.0.0.0 Safari/537.36','4g',10,5),(91,1714938404748,'dev.mysql.com',0,'dev.mysql.com/doc/refman/8.0/en/create-index.html#:~:text=A UNIQUE index creates a,unique within the prefix length.','https://dev.mysql.com/doc/refman/8.0/en/create-index.html#:~:text=A%20UNIQUE%20index%20creates%20a,unique%20within%20the%20prefix%20length.','',1707,898,'Mozilla/5.0 (Windows NT 10.0; Win64; x64) AppleWebKit/537.36 (KHTML, like Gecko) Chrome/124.0.0.0 Safari/537.36','5.0 (Windows NT 10.0; Win64; x64) AppleWebKit/537.36 (KHTML, like Gecko) Chrome/124.0.0.0 Safari/537.36','4g',10,5),(92,1714938447487,'www.developer.com',0,'MySQL INSERT or REPLACE Commands | Developer.com','https://www.developer.com/database/mysql-insert-replace-commands/','https://www.developer.com/wp-content/uploads/2023/09/developer-favicon.png',1707,898,'Mozilla/5.0 (Windows NT 10.0; Win64; x64) AppleWebKit/537.36 (KHTML, like Gecko) Chrome/124.0.0.0 Safari/537.36','5.0 (Windows NT 10.0; Win64; x64) AppleWebKit/537.36 (KHTML, like Gecko) Chrome/124.0.0.0 Safari/537.36','4g',10,5),(93,1714938564623,'dba.stackexchange.com',0,'dba.stackexchange.com/questions/290617/why-does-mysql-workbench-let-me-add-unique-indexes-to-primary-keys','https://dba.stackexchange.com/questions/290617/why-does-mysql-workbench-let-me-add-unique-indexes-to-primary-keys','',1707,898,'Mozilla/5.0 (Windows NT 10.0; Win64; x64) AppleWebKit/537.36 (KHTML, like Gecko) Chrome/124.0.0.0 Safari/537.36','5.0 (Windows NT 10.0; Win64; x64) AppleWebKit/537.36 (KHTML, like Gecko) Chrome/124.0.0.0 Safari/537.36','4g',10,5),(94,1714938572919,'bugs.mysql.com',0,'bugs.mysql.com/bug.php?id=86379','https://bugs.mysql.com/bug.php?id=86379','',1707,898,'Mozilla/5.0 (Windows NT 10.0; Win64; x64) AppleWebKit/537.36 (KHTML, like Gecko) Chrome/124.0.0.0 Safari/537.36','5.0 (Windows NT 10.0; Win64; x64) AppleWebKit/537.36 (KHTML, like Gecko) Chrome/124.0.0.0 Safari/537.36','4g',10,5),(95,1714938578859,'stackoverflow.com',0,'stackoverflow.com/questions/11376413/creating-unique-constraint-on-multiple-columns-in-mysql-workbench-eer-diagram','https://stackoverflow.com/questions/11376413/creating-unique-constraint-on-multiple-columns-in-mysql-workbench-eer-diagram','',1707,898,'Mozilla/5.0 (Windows NT 10.0; Win64; x64) AppleWebKit/537.36 (KHTML, like Gecko) Chrome/124.0.0.0 Safari/537.36','5.0 (Windows NT 10.0; Win64; x64) AppleWebKit/537.36 (KHTML, like Gecko) Chrome/124.0.0.0 Safari/537.36','4g',10,5),(96,1714938723037,'newtab',0,'Nova guia','chrome://newtab/','',1707,898,'Mozilla/5.0 (Windows NT 10.0; Win64; x64) AppleWebKit/537.36 (KHTML, like Gecko) Chrome/124.0.0.0 Safari/537.36','5.0 (Windows NT 10.0; Win64; x64) AppleWebKit/537.36 (KHTML, like Gecko) Chrome/124.0.0.0 Safari/537.36','4g',10,5),(97,1714938754600,'www.google.com',0,'how can i build my mysql database on render - Pesquisa Google','https://www.google.com/search?q=how+can+i+build+my+mysql+databse+on+render&oq=how+can+i+build+my+mysql+databse+on+render&gs_lcrp=EgZjaHJvbWUyBggAEEUYOTIJCAEQIRgKGKABMgkIAhAhGAoYoAHSAQkxNTQwMWowajeoAgCwAgA&sourceid=chrome&ie=UTF-8','https://www.google.com/favicon.ico',1707,898,'Mozilla/5.0 (Windows NT 10.0; Win64; x64) AppleWebKit/537.36 (KHTML, like Gecko) Chrome/124.0.0.0 Safari/537.36','5.0 (Windows NT 10.0; Win64; x64) AppleWebKit/537.36 (KHTML, like Gecko) Chrome/124.0.0.0 Safari/537.36','4g',10,5),(98,1714938754662,'medium.com',0,'Deploy express app to Render with MySQL database | by FinalGirl321 | Medium','https://medium.com/@megan.m/now-that-heroku-isnt-free-anymore-we-are-all-looking-for-new-places-to-host-our-apps-bf4b6738792b','',1707,898,'Mozilla/5.0 (Windows NT 10.0; Win64; x64) AppleWebKit/537.36 (KHTML, like Gecko) Chrome/124.0.0.0 Safari/537.36','5.0 (Windows NT 10.0; Win64; x64) AppleWebKit/537.36 (KHTML, like Gecko) Chrome/124.0.0.0 Safari/537.36','4g',10,5),(99,1714938822248,'medium.com',0,'Deploy express app to Render with MySQL database | by FinalGirl321 | Medium','https://medium.com/@megan.m/now-that-heroku-isnt-free-anymore-we-are-all-looking-for-new-places-to-host-our-apps-bf4b6738792b','https://miro.medium.com/v2/1*m-R_BkNf1Qjr1YbyOIJY2w.png',1707,898,'Mozilla/5.0 (Windows NT 10.0; Win64; x64) AppleWebKit/537.36 (KHTML, like Gecko) Chrome/124.0.0.0 Safari/537.36','5.0 (Windows NT 10.0; Win64; x64) AppleWebKit/537.36 (KHTML, like Gecko) Chrome/124.0.0.0 Safari/537.36','4g',10,5),(100,1714938939121,'extensions',0,'Extensões','chrome://extensions/','',1707,898,'Mozilla/5.0 (Windows NT 10.0; Win64; x64) AppleWebKit/537.36 (KHTML, like Gecko) Chrome/124.0.0.0 Safari/537.36','5.0 (Windows NT 10.0; Win64; x64) AppleWebKit/537.36 (KHTML, like Gecko) Chrome/124.0.0.0 Safari/537.36','4g',10,5),(101,1714939689149,'medium.com',0,'Deploy express app to Render with MySQL database | by FinalGirl321 | Medium','https://medium.com/@megan.m/now-that-heroku-isnt-free-anymore-we-are-all-looking-for-new-places-to-host-our-apps-bf4b6738792b','https://miro.medium.com/v2/1*m-R_BkNf1Qjr1YbyOIJY2w.png',1707,898,'Mozilla/5.0 (Windows NT 10.0; Win64; x64) AppleWebKit/537.36 (KHTML, like Gecko) Chrome/124.0.0.0 Safari/537.36','5.0 (Windows NT 10.0; Win64; x64) AppleWebKit/537.36 (KHTML, like Gecko) Chrome/124.0.0.0 Safari/537.36','4g',10,5),(102,1714939698052,'www.imdb.com',0,'IMDb: Classificações, avaliações e onde assistir os melhores filmes e séries','https://www.imdb.com/','',1707,898,'Mozilla/5.0 (Windows NT 10.0; Win64; x64) AppleWebKit/537.36 (KHTML, like Gecko) Chrome/124.0.0.0 Safari/537.36','5.0 (Windows NT 10.0; Win64; x64) AppleWebKit/537.36 (KHTML, like Gecko) Chrome/124.0.0.0 Safari/537.36','4g',10,5),(103,1714939727105,'www.imdb.com',0,'Guerra Civil (2024) - IMDb','https://www.imdb.com/title/tt17279496/?ref_=hm_top_tt_t_4','',1707,898,'Mozilla/5.0 (Windows NT 10.0; Win64; x64) AppleWebKit/537.36 (KHTML, like Gecko) Chrome/124.0.0.0 Safari/537.36','5.0 (Windows NT 10.0; Win64; x64) AppleWebKit/537.36 (KHTML, like Gecko) Chrome/124.0.0.0 Safari/537.36','4g',10,5),(104,1714939752558,'www.imdb.com',0,'Wagner Moura - IMDb','https://www.imdb.com/name/nm0609944/?ref_=tt_cl_t_2','',1707,898,'Mozilla/5.0 (Windows NT 10.0; Win64; x64) AppleWebKit/537.36 (KHTML, like Gecko) Chrome/124.0.0.0 Safari/537.36','5.0 (Windows NT 10.0; Win64; x64) AppleWebKit/537.36 (KHTML, like Gecko) Chrome/124.0.0.0 Safari/537.36','4g',10,5),(105,1714940665642,'www.imdb.com',0,'Wagner Moura - IMDb','https://www.imdb.com/name/nm0609944/?ref_=tt_cl_t_2','https://m.media-amazon.com/images/G/01/imdb/images-ANDW73HA/favicon_desktop_32x32._CB1582158068_.png',1707,898,'Mozilla/5.0 (Windows NT 10.0; Win64; x64) AppleWebKit/537.36 (KHTML, like Gecko) Chrome/124.0.0.0 Safari/537.36','5.0 (Windows NT 10.0; Win64; x64) AppleWebKit/537.36 (KHTML, like Gecko) Chrome/124.0.0.0 Safari/537.36','4g',10,5),(106,1714940666102,'localhost',0,'WebPage - Extensao','http://localhost:4200/main/projetos/DSKHRETUKC/visao-geral','http://localhost:4200/favicon.ico',1707,898,'Mozilla/5.0 (Windows NT 10.0; Win64; x64) AppleWebKit/537.36 (KHTML, like Gecko) Chrome/124.0.0.0 Safari/537.36','5.0 (Windows NT 10.0; Win64; x64) AppleWebKit/537.36 (KHTML, like Gecko) Chrome/124.0.0.0 Safari/537.36','4g',10,5),(107,1714940666393,'www.imdb.com',0,'Wagner Moura - IMDb','https://www.imdb.com/name/nm0609944/?ref_=tt_cl_t_2','https://m.media-amazon.com/images/G/01/imdb/images-ANDW73HA/favicon_desktop_32x32._CB1582158068_.png',1707,898,'Mozilla/5.0 (Windows NT 10.0; Win64; x64) AppleWebKit/537.36 (KHTML, like Gecko) Chrome/124.0.0.0 Safari/537.36','5.0 (Windows NT 10.0; Win64; x64) AppleWebKit/537.36 (KHTML, like Gecko) Chrome/124.0.0.0 Safari/537.36','4g',10,5),(108,1714940667144,'www.primevideo.com',0,'Prime Video | Assista a filmes, séries, TV ao vivo e esportes','https://www.primevideo.com/storefront/ref=atv_dp_mv_c_9zZ8D2_hom','https://m.media-amazon.com/images/G/01/digital/video/DVUI/favicons/favicon-32x32.png',1707,898,'Mozilla/5.0 (Windows NT 10.0; Win64; x64) AppleWebKit/537.36 (KHTML, like Gecko) Chrome/124.0.0.0 Safari/537.36','5.0 (Windows NT 10.0; Win64; x64) AppleWebKit/537.36 (KHTML, like Gecko) Chrome/124.0.0.0 Safari/537.36','4g',10,5),(109,1714940669132,'extensions',0,'Extensões','chrome://extensions/','',1707,898,'Mozilla/5.0 (Windows NT 10.0; Win64; x64) AppleWebKit/537.36 (KHTML, like Gecko) Chrome/124.0.0.0 Safari/537.36','5.0 (Windows NT 10.0; Win64; x64) AppleWebKit/537.36 (KHTML, like Gecko) Chrome/124.0.0.0 Safari/537.36','4g',10,5),(110,1714940670711,'localhost',0,'WebPage - Extensao','http://localhost:4200/main/projetos/DSKHRETUKC/visao-geral','http://localhost:4200/favicon.ico',1707,898,'Mozilla/5.0 (Windows NT 10.0; Win64; x64) AppleWebKit/537.36 (KHTML, like Gecko) Chrome/124.0.0.0 Safari/537.36','5.0 (Windows NT 10.0; Win64; x64) AppleWebKit/537.36 (KHTML, like Gecko) Chrome/124.0.0.0 Safari/537.36','4g',10,5),(111,1714940671143,'www.imdb.com',0,'Wagner Moura - IMDb','https://www.imdb.com/name/nm0609944/?ref_=tt_cl_t_2','https://m.media-amazon.com/images/G/01/imdb/images-ANDW73HA/favicon_desktop_32x32._CB1582158068_.png',1707,898,'Mozilla/5.0 (Windows NT 10.0; Win64; x64) AppleWebKit/537.36 (KHTML, like Gecko) Chrome/124.0.0.0 Safari/537.36','5.0 (Windows NT 10.0; Win64; x64) AppleWebKit/537.36 (KHTML, like Gecko) Chrome/124.0.0.0 Safari/537.36','4g',10,5),(112,1714940671647,'www.primevideo.com',0,'Prime Video | Assista a filmes, séries, TV ao vivo e esportes','https://www.primevideo.com/storefront/ref=atv_dp_mv_c_9zZ8D2_hom','https://m.media-amazon.com/images/G/01/digital/video/DVUI/favicons/favicon-32x32.png',1707,898,'Mozilla/5.0 (Windows NT 10.0; Win64; x64) AppleWebKit/537.36 (KHTML, like Gecko) Chrome/124.0.0.0 Safari/537.36','5.0 (Windows NT 10.0; Win64; x64) AppleWebKit/537.36 (KHTML, like Gecko) Chrome/124.0.0.0 Safari/537.36','4g',10,5),(113,1714941384544,'extensions',0,'Extensões','chrome://extensions/','',1707,898,'Mozilla/5.0 (Windows NT 10.0; Win64; x64) AppleWebKit/537.36 (KHTML, like Gecko) Chrome/124.0.0.0 Safari/537.36','5.0 (Windows NT 10.0; Win64; x64) AppleWebKit/537.36 (KHTML, like Gecko) Chrome/124.0.0.0 Safari/537.36','4g',10,5),(114,1714941565867,'www.imdb.com',0,'Wagner Moura - IMDb','https://www.imdb.com/name/nm0609944/?ref_=tt_cl_t_2','https://m.media-amazon.com/images/G/01/imdb/images-ANDW73HA/favicon_desktop_32x32._CB1582158068_.png',1707,898,'Mozilla/5.0 (Windows NT 10.0; Win64; x64) AppleWebKit/537.36 (KHTML, like Gecko) Chrome/124.0.0.0 Safari/537.36','5.0 (Windows NT 10.0; Win64; x64) AppleWebKit/537.36 (KHTML, like Gecko) Chrome/124.0.0.0 Safari/537.36','4g',10,5),(115,1714941625948,'www.imdb.com',0,'Wagner Moura - IMDb','https://www.imdb.com/name/nm0609944/?ref_=tt_cl_t_2','https://m.media-amazon.com/images/G/01/imdb/images-ANDW73HA/favicon_desktop_32x32._CB1582158068_.png',1707,898,'Mozilla/5.0 (Windows NT 10.0; Win64; x64) AppleWebKit/537.36 (KHTML, like Gecko) Chrome/124.0.0.0 Safari/537.36','5.0 (Windows NT 10.0; Win64; x64) AppleWebKit/537.36 (KHTML, like Gecko) Chrome/124.0.0.0 Safari/537.36','4g',10,5),(116,1714941745920,'www.imdb.com',0,'Wagner Moura - IMDb','https://www.imdb.com/name/nm0609944/?ref_=tt_cl_t_2','https://m.media-amazon.com/images/G/01/imdb/images-ANDW73HA/favicon_desktop_32x32._CB1582158068_.png',1707,898,'Mozilla/5.0 (Windows NT 10.0; Win64; x64) AppleWebKit/537.36 (KHTML, like Gecko) Chrome/124.0.0.0 Safari/537.36','5.0 (Windows NT 10.0; Win64; x64) AppleWebKit/537.36 (KHTML, like Gecko) Chrome/124.0.0.0 Safari/537.36','4g',10,5),(117,1714941805946,'www.imdb.com',0,'Wagner Moura - IMDb','https://www.imdb.com/name/nm0609944/?ref_=tt_cl_t_2','https://m.media-amazon.com/images/G/01/imdb/images-ANDW73HA/favicon_desktop_32x32._CB1582158068_.png',1707,898,'Mozilla/5.0 (Windows NT 10.0; Win64; x64) AppleWebKit/537.36 (KHTML, like Gecko) Chrome/124.0.0.0 Safari/537.36','5.0 (Windows NT 10.0; Win64; x64) AppleWebKit/537.36 (KHTML, like Gecko) Chrome/124.0.0.0 Safari/537.36','4g',10,5),(118,1714941865939,'www.imdb.com',0,'Wagner Moura - IMDb','https://www.imdb.com/name/nm0609944/?ref_=tt_cl_t_2','https://m.media-amazon.com/images/G/01/imdb/images-ANDW73HA/favicon_desktop_32x32._CB1582158068_.png',1707,898,'Mozilla/5.0 (Windows NT 10.0; Win64; x64) AppleWebKit/537.36 (KHTML, like Gecko) Chrome/124.0.0.0 Safari/537.36','5.0 (Windows NT 10.0; Win64; x64) AppleWebKit/537.36 (KHTML, like Gecko) Chrome/124.0.0.0 Safari/537.36','4g',10,5),(119,1714941925932,'www.imdb.com',0,'Wagner Moura - IMDb','https://www.imdb.com/name/nm0609944/?ref_=tt_cl_t_2','https://m.media-amazon.com/images/G/01/imdb/images-ANDW73HA/favicon_desktop_32x32._CB1582158068_.png',1707,898,'Mozilla/5.0 (Windows NT 10.0; Win64; x64) AppleWebKit/537.36 (KHTML, like Gecko) Chrome/124.0.0.0 Safari/537.36','5.0 (Windows NT 10.0; Win64; x64) AppleWebKit/537.36 (KHTML, like Gecko) Chrome/124.0.0.0 Safari/537.36','4g',10,5),(120,1714941985941,'www.imdb.com',0,'Wagner Moura - IMDb','https://www.imdb.com/name/nm0609944/?ref_=tt_cl_t_2','https://m.media-amazon.com/images/G/01/imdb/images-ANDW73HA/favicon_desktop_32x32._CB1582158068_.png',1707,898,'Mozilla/5.0 (Windows NT 10.0; Win64; x64) AppleWebKit/537.36 (KHTML, like Gecko) Chrome/124.0.0.0 Safari/537.36','5.0 (Windows NT 10.0; Win64; x64) AppleWebKit/537.36 (KHTML, like Gecko) Chrome/124.0.0.0 Safari/537.36','4g',10,5),(121,1714942045935,'www.imdb.com',0,'Wagner Moura - IMDb','https://www.imdb.com/name/nm0609944/?ref_=tt_cl_t_2','https://m.media-amazon.com/images/G/01/imdb/images-ANDW73HA/favicon_desktop_32x32._CB1582158068_.png',1707,898,'Mozilla/5.0 (Windows NT 10.0; Win64; x64) AppleWebKit/537.36 (KHTML, like Gecko) Chrome/124.0.0.0 Safari/537.36','5.0 (Windows NT 10.0; Win64; x64) AppleWebKit/537.36 (KHTML, like Gecko) Chrome/124.0.0.0 Safari/537.36','4g',10,5),(122,1714942105958,'www.imdb.com',0,'Wagner Moura - IMDb','https://www.imdb.com/name/nm0609944/?ref_=tt_cl_t_2','https://m.media-amazon.com/images/G/01/imdb/images-ANDW73HA/favicon_desktop_32x32._CB1582158068_.png',1707,898,'Mozilla/5.0 (Windows NT 10.0; Win64; x64) AppleWebKit/537.36 (KHTML, like Gecko) Chrome/124.0.0.0 Safari/537.36','5.0 (Windows NT 10.0; Win64; x64) AppleWebKit/537.36 (KHTML, like Gecko) Chrome/124.0.0.0 Safari/537.36','4g',10,5),(123,1714942165930,'www.imdb.com',0,'Wagner Moura - IMDb','https://www.imdb.com/name/nm0609944/?ref_=tt_cl_t_2','https://m.media-amazon.com/images/G/01/imdb/images-ANDW73HA/favicon_desktop_32x32._CB1582158068_.png',1707,898,'Mozilla/5.0 (Windows NT 10.0; Win64; x64) AppleWebKit/537.36 (KHTML, like Gecko) Chrome/124.0.0.0 Safari/537.36','5.0 (Windows NT 10.0; Win64; x64) AppleWebKit/537.36 (KHTML, like Gecko) Chrome/124.0.0.0 Safari/537.36','4g',10,5),(124,1714943368038,'stackoverflow.com',0,'stackoverflow.com/questions/19170595/putting-chrome-tabs-query-in-a-function-always-returns-undefined','https://stackoverflow.com/questions/19170595/putting-chrome-tabs-query-in-a-function-always-returns-undefined','',1707,898,'Mozilla/5.0 (Windows NT 10.0; Win64; x64) AppleWebKit/537.36 (KHTML, like Gecko) Chrome/124.0.0.0 Safari/537.36','5.0 (Windows NT 10.0; Win64; x64) AppleWebKit/537.36 (KHTML, like Gecko) Chrome/124.0.0.0 Safari/537.36','4g',10,5),(125,1714943419174,'groups.google.com',0,'groups.google.com/a/chromium.org/g/chromium-discuss/c/Y-Wv3amg1zc','https://groups.google.com/a/chromium.org/g/chromium-discuss/c/Y-Wv3amg1zc','',1707,898,'Mozilla/5.0 (Windows NT 10.0; Win64; x64) AppleWebKit/537.36 (KHTML, like Gecko) Chrome/124.0.0.0 Safari/537.36','5.0 (Windows NT 10.0; Win64; x64) AppleWebKit/537.36 (KHTML, like Gecko) Chrome/124.0.0.0 Safari/537.36','4g',10,5),(126,1714943449503,'www.google.com',0,'chrome.tabs.query return undefined - Pesquisa Google','https://www.google.com/search?q=chrome.tabs.query+return+undefined&sca_esv=017e3c382dac1d65&sca_upv=1&sxsrf=ADLYWILzqKYdf5LgnNa9YdUV0EpojyWONQ%3A1714943365970&ei=hfU3ZuPjOvXY1sQP8f6Y-Aw&udm=&oq=chrome.tabs.query+return+unde&gs_lp=Egxnd3Mtd2l6LXNlcnAiHWNocm9tZS50YWJzLnF1ZXJ5IHJldHVybiB1bmRlKgIIADIFECEYoAEyBRAhGKABSKgfUJ8KWJkVcAN4AJABAJgBkQKgAdIOqgEGMC4xMS4xuAEByAEA-AEBmAIOoALqDcICChAAGLADGNYEGEfCAggQABiABBjLAcICBhAAGBYYHsICCBAAGIAEGKIEmAMAiAYBkAYIkgcGMy4xMC4xoAfTPw&sclient=gws-wiz-serp','https://www.google.com/favicon.ico',1707,898,'Mozilla/5.0 (Windows NT 10.0; Win64; x64) AppleWebKit/537.36 (KHTML, like Gecko) Chrome/124.0.0.0 Safari/537.36','5.0 (Windows NT 10.0; Win64; x64) AppleWebKit/537.36 (KHTML, like Gecko) Chrome/124.0.0.0 Safari/537.36','4g',10,5),(127,1714943453009,'www.reddit.com',0,'Reddit - Dive into anything','https://www.reddit.com/r/CodingHelp/comments/uzjkx7/problem_while_writing_a_chrome_extension_with_the/','',1707,898,'Mozilla/5.0 (Windows NT 10.0; Win64; x64) AppleWebKit/537.36 (KHTML, like Gecko) Chrome/124.0.0.0 Safari/537.36','5.0 (Windows NT 10.0; Win64; x64) AppleWebKit/537.36 (KHTML, like Gecko) Chrome/124.0.0.0 Safari/537.36','4g',10,5),(128,1714943509935,'stackoverflow.com',0,'stackoverflow.com/questions/19170595/putting-chrome-tabs-query-in-a-function-always-returns-undefined','https://stackoverflow.com/questions/19170595/putting-chrome-tabs-query-in-a-function-always-returns-undefined','https://cdn.sstatic.net/Sites/stackoverflow/Img/favicon.ico?v=ec617d715196',1707,898,'Mozilla/5.0 (Windows NT 10.0; Win64; x64) AppleWebKit/537.36 (KHTML, like Gecko) Chrome/124.0.0.0 Safari/537.36','5.0 (Windows NT 10.0; Win64; x64) AppleWebKit/537.36 (KHTML, like Gecko) Chrome/124.0.0.0 Safari/537.36','4g',10,5),(129,1714943539837,'groups.google.com',0,'Weird Problem with chrome.tabs.query','https://groups.google.com/a/chromium.org/g/chromium-discuss/c/Y-Wv3amg1zc','https://ssl.gstatic.com/images/branding/product/1x/groups_32dp.png',1707,898,'Mozilla/5.0 (Windows NT 10.0; Win64; x64) AppleWebKit/537.36 (KHTML, like Gecko) Chrome/124.0.0.0 Safari/537.36','5.0 (Windows NT 10.0; Win64; x64) AppleWebKit/537.36 (KHTML, like Gecko) Chrome/124.0.0.0 Safari/537.36','4g',10,5),(130,1714943541941,'stackoverflow.com',0,'javascript - Putting chrome.tabs.query in a function always returns undefined - Stack Overflow','https://stackoverflow.com/questions/19170595/putting-chrome-tabs-query-in-a-function-always-returns-undefined','https://cdn.sstatic.net/Sites/stackoverflow/Img/favicon.ico?v=ec617d715196',1707,898,'Mozilla/5.0 (Windows NT 10.0; Win64; x64) AppleWebKit/537.36 (KHTML, like Gecko) Chrome/124.0.0.0 Safari/537.36','5.0 (Windows NT 10.0; Win64; x64) AppleWebKit/537.36 (KHTML, like Gecko) Chrome/124.0.0.0 Safari/537.36','4g',10,5),(131,1714943546142,'developer.chrome.com',0,'developer.chrome.com/docs/extensions/reference/api/tabs','https://developer.chrome.com/docs/extensions/reference/api/tabs','https://www.gstatic.com/devrel-devsite/prod/vc0835d3b6455cc4a7840b9b6bb6705aa0a2f0ac008bf6ab6ed61c7fff6e5cce1/chrome/images/favicon.png',1707,898,'Mozilla/5.0 (Windows NT 10.0; Win64; x64) AppleWebKit/537.36 (KHTML, like Gecko) Chrome/124.0.0.0 Safari/537.36','5.0 (Windows NT 10.0; Win64; x64) AppleWebKit/537.36 (KHTML, like Gecko) Chrome/124.0.0.0 Safari/537.36','4g',10,5),(132,1714943602861,'medium.com',0,'Deploy express app to Render with MySQL database | by FinalGirl321 | Medium','https://medium.com/@megan.m/now-that-heroku-isnt-free-anymore-we-are-all-looking-for-new-places-to-host-our-apps-bf4b6738792b','https://miro.medium.com/v2/1*m-R_BkNf1Qjr1YbyOIJY2w.png',1707,898,'Mozilla/5.0 (Windows NT 10.0; Win64; x64) AppleWebKit/537.36 (KHTML, like Gecko) Chrome/124.0.0.0 Safari/537.36','5.0 (Windows NT 10.0; Win64; x64) AppleWebKit/537.36 (KHTML, like Gecko) Chrome/124.0.0.0 Safari/537.36','4g',10,5),(133,1714943603203,'extensions',0,'Extensões','chrome://extensions/','',1707,898,'Mozilla/5.0 (Windows NT 10.0; Win64; x64) AppleWebKit/537.36 (KHTML, like Gecko) Chrome/124.0.0.0 Safari/537.36','5.0 (Windows NT 10.0; Win64; x64) AppleWebKit/537.36 (KHTML, like Gecko) Chrome/124.0.0.0 Safari/537.36','4g',10,5),(134,1714943907022,'groups.google.com',0,'Weird Problem with chrome.tabs.query','https://groups.google.com/a/chromium.org/g/chromium-discuss/c/Y-Wv3amg1zc','https://ssl.gstatic.com/images/branding/product/1x/groups_32dp.png',1707,898,'Mozilla/5.0 (Windows NT 10.0; Win64; x64) AppleWebKit/537.36 (KHTML, like Gecko) Chrome/124.0.0.0 Safari/537.36','5.0 (Windows NT 10.0; Win64; x64) AppleWebKit/537.36 (KHTML, like Gecko) Chrome/124.0.0.0 Safari/537.36','4g',10,5),(135,1714943907655,'developer.chrome.com',0,'chrome.tabs  |  API  |  Chrome for Developers','https://developer.chrome.com/docs/extensions/reference/api/tabs#method-query','https://www.gstatic.com/devrel-devsite/prod/v7ec1cdbf90989ab082f30bf9b9cbe627804848c18b70d722062aeb6c6d8958b5/chrome/images/favicon.png',1707,898,'Mozilla/5.0 (Windows NT 10.0; Win64; x64) AppleWebKit/537.36 (KHTML, like Gecko) Chrome/124.0.0.0 Safari/537.36','5.0 (Windows NT 10.0; Win64; x64) AppleWebKit/537.36 (KHTML, like Gecko) Chrome/124.0.0.0 Safari/537.36','4g',10,5),(136,1714944047271,'extensions',0,'Extensões','chrome://extensions/','',1707,898,'Mozilla/5.0 (Windows NT 10.0; Win64; x64) AppleWebKit/537.36 (KHTML, like Gecko) Chrome/124.0.0.0 Safari/537.36','5.0 (Windows NT 10.0; Win64; x64) AppleWebKit/537.36 (KHTML, like Gecko) Chrome/124.0.0.0 Safari/537.36','4g',10,5),(137,1714944108923,'www.imdb.com',0,'Wagner Moura - IMDb','https://www.imdb.com/name/nm0609944/?ref_=tt_cl_t_2','https://m.media-amazon.com/images/G/01/imdb/images-ANDW73HA/favicon_desktop_32x32._CB1582158068_.png',1707,898,'Mozilla/5.0 (Windows NT 10.0; Win64; x64) AppleWebKit/537.36 (KHTML, like Gecko) Chrome/124.0.0.0 Safari/537.36','5.0 (Windows NT 10.0; Win64; x64) AppleWebKit/537.36 (KHTML, like Gecko) Chrome/124.0.0.0 Safari/537.36','4g',10,5),(138,1714944153339,'extensions',0,'Extensões','chrome://extensions/','',1707,898,'Mozilla/5.0 (Windows NT 10.0; Win64; x64) AppleWebKit/537.36 (KHTML, like Gecko) Chrome/124.0.0.0 Safari/537.36','5.0 (Windows NT 10.0; Win64; x64) AppleWebKit/537.36 (KHTML, like Gecko) Chrome/124.0.0.0 Safari/537.36','4g',10,5),(139,1714944274469,'www.imdb.com',0,'Wagner Moura - IMDb','https://www.imdb.com/name/nm0609944/?ref_=tt_cl_t_2','https://m.media-amazon.com/images/G/01/imdb/images-ANDW73HA/favicon_desktop_32x32._CB1582158068_.png',1707,898,'Mozilla/5.0 (Windows NT 10.0; Win64; x64) AppleWebKit/537.36 (KHTML, like Gecko) Chrome/124.0.0.0 Safari/537.36','5.0 (Windows NT 10.0; Win64; x64) AppleWebKit/537.36 (KHTML, like Gecko) Chrome/124.0.0.0 Safari/537.36','4g',10,5),(140,1714944334478,'www.imdb.com',0,'Wagner Moura - IMDb','https://www.imdb.com/name/nm0609944/?ref_=tt_cl_t_2','https://m.media-amazon.com/images/G/01/imdb/images-ANDW73HA/favicon_desktop_32x32._CB1582158068_.png',1707,898,'Mozilla/5.0 (Windows NT 10.0; Win64; x64) AppleWebKit/537.36 (KHTML, like Gecko) Chrome/124.0.0.0 Safari/537.36','5.0 (Windows NT 10.0; Win64; x64) AppleWebKit/537.36 (KHTML, like Gecko) Chrome/124.0.0.0 Safari/537.36','4g',10,5),(141,1714944385640,'www.imdb.com',0,'Wagner Moura - IMDb','https://www.imdb.com/name/nm0609944/?ref_=tt_cl_t_2','https://m.media-amazon.com/images/G/01/imdb/images-ANDW73HA/favicon_desktop_32x32._CB1582158068_.png',1707,898,'Mozilla/5.0 (Windows NT 10.0; Win64; x64) AppleWebKit/537.36 (KHTML, like Gecko) Chrome/124.0.0.0 Safari/537.36','5.0 (Windows NT 10.0; Win64; x64) AppleWebKit/537.36 (KHTML, like Gecko) Chrome/124.0.0.0 Safari/537.36','4g',10,5);
/*!40000 ALTER TABLE `registronavegacao` ENABLE KEYS */;
UNLOCK TABLES;

--
-- Table structure for table `tempodominio`
--

DROP TABLE IF EXISTS `tempodominio`;
/*!40101 SET @saved_cs_client     = @@character_set_client */;
/*!50503 SET character_set_client = utf8mb4 */;
CREATE TABLE `tempodominio` (
  `idtempodominio` int NOT NULL AUTO_INCREMENT,
  `tempo` int NOT NULL,
  `dominio` varchar(200) NOT NULL,
  `idusopesquisados` int NOT NULL,
  `idprojeto` int NOT NULL,
  PRIMARY KEY (`idtempodominio`),
  UNIQUE KEY `idxu1` (`idusopesquisados`,`idprojeto`,`dominio`),
  KEY `fk_tempodominio_usopesquisados1_idx` (`idusopesquisados`),
  KEY `fk_tempodominio_projeto1_idx` (`idprojeto`),
  CONSTRAINT `fk_tempodominio_projeto1` FOREIGN KEY (`idprojeto`) REFERENCES `projeto` (`idprojeto`),
  CONSTRAINT `fk_tempodominio_usopesquisados1` FOREIGN KEY (`idusopesquisados`) REFERENCES `usopesquisados` (`idusopesquisados`)
) ENGINE=InnoDB AUTO_INCREMENT=157 DEFAULT CHARSET=utf8mb3;
/*!40101 SET character_set_client = @saved_cs_client */;

--
-- Dumping data for table `tempodominio`
--

LOCK TABLES `tempodominio` WRITE;
/*!40000 ALTER TABLE `tempodominio` DISABLE KEYS */;
INSERT INTO `tempodominio` VALUES (8,1000,'www.exe.com',10,5),(58,11509401,'dev.mysql.com',10,5),(59,147265,'www.w3schools.com',10,5),(61,40804,'pt.stackoverflow.com',10,5),(62,57046,'cursos.alura.com.br',10,5),(63,11133,'www.amazon.com.br',10,5),(65,129449,'play.max.com',10,5),(66,23640,'filmize.in',10,5),(67,9039,'www.businessinsider.com',10,5),(68,1752346,'www.developer.com',10,5),(69,12177,'dba.stackexchange.com',10,5),(70,5940,'bugs.mysql.com',10,5),(82,1913,'localhost',10,5),(96,411007526,'www.primevideo.com',10,5),(120,18071,'www.google.com',10,5),(123,653643,'stackoverflow.com',10,5),(125,109202,'www.reddit.com',10,5),(128,380816,'medium.com',10,5),(134,59158,'groups.google.com',10,5),(138,333344,'developer.chrome.com',10,5),(144,49275867,'extensions',10,5),(156,4687214,'www.imdb.com',10,5);
/*!40000 ALTER TABLE `tempodominio` ENABLE KEYS */;
UNLOCK TABLES;

--
-- Table structure for table `usopesquisados`
--

DROP TABLE IF EXISTS `usopesquisados`;
/*!40101 SET @saved_cs_client     = @@character_set_client */;
/*!50503 SET character_set_client = utf8mb4 */;
CREATE TABLE `usopesquisados` (
  `idusopesquisados` int NOT NULL AUTO_INCREMENT,
  `deviceid` varchar(250) NOT NULL,
  `idprojeto` int NOT NULL,
  PRIMARY KEY (`idusopesquisados`),
  KEY `fk_usopesquisados_projeto1_idx` (`idprojeto`),
  CONSTRAINT `fk_usopesquisados_projeto1` FOREIGN KEY (`idprojeto`) REFERENCES `projeto` (`idprojeto`)
) ENGINE=InnoDB AUTO_INCREMENT=11 DEFAULT CHARSET=utf8mb3;
/*!40101 SET character_set_client = @saved_cs_client */;

--
-- Dumping data for table `usopesquisados`
--

LOCK TABLES `usopesquisados` WRITE;
/*!40000 ALTER TABLE `usopesquisados` DISABLE KEYS */;
INSERT INTO `usopesquisados` VALUES (1,'HPGEIK45035LGWOML8R6R6AJO450Z5TVXIY2K42LJETXJVS11YAUXK8IMWOMLDNMH5KOXTQCFVDZDDFOMLQE2DB2UEZVF0K8GFCVHVRZFX56PY430DFL4ED7TEPYRIRN8Y4UG6XF4UZ2TF512EUQJRU6XE8YO7DCJ50Q0XG8EC744LYIJYQCC7JK0FHFMF8PW34V25ZZ',1),(2,'P7F585HGD7886FS30PTPRRY8DDT803S7GHGOAJBFDX5I8KOU20KN8LTCJEO62338R27C4X0XVXGRGV0VAFR7A4DR4KO43ZCJKJM4APDTVUEE0VACB0UQANWP1AUNE61LI34R1LSV3EHZ5G0LSQ5LFG0L7HZH15DKC4S7YSAEWKI3B1Y05R2WZKFNEELLP054ME6N6CK6',1),(3,'CQMI02HR2K60DGI776B7717FXFWVUV7JR7I575RRB77WK5P2PAIX6JG5UDC11JHW87KOMV7VKHC5E7LL0KK8QGBG6IRGC8R00WQNM1DIE0JMJ2RIUAXHETN43KZCDAHGSSVGSC2UR8WWVMQTEDKF4QXPOOKXDJI2R4DZPS7QEFEL7T7KLTBM3UTQWSF6RA3QY0YELUFP',1),(4,'QHPOISNQXLHSCZY5EA5DEDUUWB7MG5XJTB2QQ8533BMQUK75GT6CB7WS64NPBVTMLA06IUJO2QBOSRP6OOF4KAMIUYRK7U25UA1MSP2F464OIYNN0TISSASX0R6PLBX2D88BOKD6X2PXY8732TP1UAWDJ0QONRV50MMT8CAYUWXD4888R2H08C35AP43PYA4THKLORSN',1),(5,'D61PE71KCA462AQ4NKH8WT3Q6RMM7J625BWBMZ1XZY0VCJX7WJP28MQ2DV4DDGOJE1J0QJDX4VU84HZ64RX40ZC2ZKF7V761PYPX1D882JZLWDB6TPEOQXSREXXBY8I0N3Q3TLAAYHRY1KRNRKS7BE003JHAGBYJJF3QAWXHJ72N247PUUFEE3PCPHJJXKUFK5QZ37QL',1),(6,'JVK7FN05WOQBKKGGUJH6QEPT0FAPAA7NH51AISQWZPRK2R2H2OLKH75BUEUZ0OUWOFPDWDKCBMZORFDLYESOGJVDGEBK5WRVA43CI2GT5ERM3PLAA3O6QRZOGEITYI3P2JBE0BS11LEXOZF8E5JQD6KKQ0IKCPVXNJLB3FDETCSHFY550HCYO0V72ZNNZATI0G5TB3VC',1),(7,'VHT15SQ63L77ICSOCEOLFZJUBOC16RAH1HVNRVYTMWUV8IRHL5CH0AYSHINB8BRGYMWD1VBKCPJ31TXBGER166Y3KV71V68D1SNX4HB8G65PE3T4WBEQ4UVLCPQKKB6ENBMFI2JPFZWJZXCJGI0GJGMTKE4EQD6LLRBXVJ7YDHPP7S4T0LFE0NVUFRRHH4WSFP7XOGQJ',1),(8,'VSFACSQJ0QOAT7H0051VTEZ42S58N6FMORE701BE83LALK4B644FDHI7YNX0N3R4D2FLPGCZGYOX6UNCPEDMRM4YR27OONOO4MBBUY6HUPJJZSIKDFIQ5GBBLBWWB3VKD8CFONUCX8GRWJZI7OXQUF4OMBXFYJJ2UXGO25VVFOVSGVNNHZDDZV3IO2VPZ3QU4Q10B5VW',2),(9,'PZBTVCN4E240N38QH4Z5LNZWZGUB4EFYAZ8YZL3BVV7WUHHUTYCS74R51DOVQ3S631VX0R1Q3A6IZOAW85RSP1F8Z5LNMMAK6325TGGS16NHG501ZYJWXR16NIM02XGAHTZ162S8KHRWCCKANL145JKMZIW2C8M6J5WFEB4VTEOEU57D7FLM7B4TUCQWNT8LC2DGV67S',2),(10,'83KWF1XS7TUP6WS2SMCRKAHG3Q8JOUEXCES2ZX01SXXDW7KIG4Y2HVA0EOK0EQHXT3F1ISIGJP4K6ZY8I2N4JKROJEL2P8AMAMB381MA36P7JEB0UDKGU0O7OCYG5CYKX1PJUA0CW6CCDK8KB75YBEB2IYZ7364DD5K84UB3E6ZOCMTZ5SZD73ZO1BE4CSFZKHT8063X',5);
/*!40000 ALTER TABLE `usopesquisados` ENABLE KEYS */;
UNLOCK TABLES;

--
-- Table structure for table `usuario`
--

DROP TABLE IF EXISTS `usuario`;
/*!40101 SET @saved_cs_client     = @@character_set_client */;
/*!50503 SET character_set_client = utf8mb4 */;
CREATE TABLE `usuario` (
  `idusuario` int NOT NULL AUTO_INCREMENT,
  `nome` varchar(50) NOT NULL,
  `senha` varchar(50) NOT NULL,
  `email` varchar(50) NOT NULL,
  `idstatus` int NOT NULL,
  PRIMARY KEY (`idusuario`),
  KEY `fk_usuario_usuariostatus1_idx` (`idstatus`),
  CONSTRAINT `fk_usuario_usuariostatus1` FOREIGN KEY (`idstatus`) REFERENCES `usuariostatus` (`idusuariostatus`)
) ENGINE=InnoDB AUTO_INCREMENT=10 DEFAULT CHARSET=utf8mb3;
/*!40101 SET character_set_client = @saved_cs_client */;

--
-- Dumping data for table `usuario`
--

LOCK TABLES `usuario` WRITE;
/*!40000 ALTER TABLE `usuario` DISABLE KEYS */;
INSERT INTO `usuario` VALUES (1,'usuario teste','123456','user@mail.com',1),(5,'nome rthffgh','3245913','novo@mail.com',2),(6,'novo nome','321','testes3@email.com',1),(7,'testes2','123','testes4@email.com',1),(8,'testesewj','123','testes5@email.com',1),(9,'conta teste teste','123','testes6@email.com',1);
/*!40000 ALTER TABLE `usuario` ENABLE KEYS */;
UNLOCK TABLES;

--
-- Table structure for table `usuariostatus`
--

DROP TABLE IF EXISTS `usuariostatus`;
/*!40101 SET @saved_cs_client     = @@character_set_client */;
/*!50503 SET character_set_client = utf8mb4 */;
CREATE TABLE `usuariostatus` (
  `idusuariostatus` int NOT NULL AUTO_INCREMENT,
  `nome` varchar(45) NOT NULL,
  PRIMARY KEY (`idusuariostatus`)
) ENGINE=InnoDB AUTO_INCREMENT=3 DEFAULT CHARSET=utf8mb3;
/*!40101 SET character_set_client = @saved_cs_client */;

--
-- Dumping data for table `usuariostatus`
--

LOCK TABLES `usuariostatus` WRITE;
/*!40000 ALTER TABLE `usuariostatus` DISABLE KEYS */;
INSERT INTO `usuariostatus` VALUES (1,'Ativo'),(2,'Inativo');
/*!40000 ALTER TABLE `usuariostatus` ENABLE KEYS */;
UNLOCK TABLES;

--
-- Dumping events for database 'dbmain'
--

--
-- Dumping routines for database 'dbmain'
--
/*!40103 SET TIME_ZONE=@OLD_TIME_ZONE */;

/*!40101 SET SQL_MODE=@OLD_SQL_MODE */;
/*!40014 SET FOREIGN_KEY_CHECKS=@OLD_FOREIGN_KEY_CHECKS */;
/*!40014 SET UNIQUE_CHECKS=@OLD_UNIQUE_CHECKS */;
/*!40101 SET CHARACTER_SET_CLIENT=@OLD_CHARACTER_SET_CLIENT */;
/*!40101 SET CHARACTER_SET_RESULTS=@OLD_CHARACTER_SET_RESULTS */;
/*!40101 SET COLLATION_CONNECTION=@OLD_COLLATION_CONNECTION */;
/*!40111 SET SQL_NOTES=@OLD_SQL_NOTES */;

-- Dump completed on 2024-05-12 15:28:54
